-- phpMyAdmin SQL Dump
-- version 4.1.12
-- http://www.phpmyadmin.net
--
-- Servidor: 127.0.0.1
-- Tiempo de generación: 27-11-2014 a las 21:28:09
-- Versión del servidor: 5.6.16
-- Versión de PHP: 5.5.11

SET SQL_MODE = "NO_AUTO_VALUE_ON_ZERO";
SET time_zone = "+00:00";


/*!40101 SET @OLD_CHARACTER_SET_CLIENT=@@CHARACTER_SET_CLIENT */;
/*!40101 SET @OLD_CHARACTER_SET_RESULTS=@@CHARACTER_SET_RESULTS */;
/*!40101 SET @OLD_COLLATION_CONNECTION=@@COLLATION_CONNECTION */;
/*!40101 SET NAMES utf8 */;

--
-- Base de datos: `aldeaanimal`
--

-- --------------------------------------------------------

--
-- Estructura de tabla para la tabla `agenda`
--

CREATE TABLE IF NOT EXISTS `agenda` (
  `ID_AGENDA` int(11) NOT NULL AUTO_INCREMENT,
  `ID_MAS` int(11) NOT NULL COMMENT 'Identificador ?nico para la mascota.',
  `ID_VET` int(11) NOT NULL COMMENT 'identificador ?nico de Veterinario',
  `ID_PRES` int(11) NOT NULL COMMENT 'Identificador ?nico para el tipo de atenci',
  `ESTADO_AGENDA` char(1) NOT NULL,
  PRIMARY KEY (`ID_AGENDA`),
  KEY `FK_ES_DEL_TIPO` (`ID_PRES`),
  KEY `FK_SELECCIONA` (`ID_VET`),
  KEY `FK_SOLICITA` (`ID_MAS`)
) ENGINE=InnoDB DEFAULT CHARSET=latin1 COMMENT='Entidad que representa una solicitud de atenci?n de un usuar' AUTO_INCREMENT=1 ;

-- --------------------------------------------------------

--
-- Estructura de tabla para la tabla `atencion`
--

CREATE TABLE IF NOT EXISTS `atencion` (
  `ID_ATENCION` int(11) NOT NULL AUTO_INCREMENT COMMENT 'Identificador ?nico de referencia a la atenci',
  `ID_PRES` int(11) NOT NULL COMMENT 'Identificador ?nico para el tipo de atenci',
  `ID_MAS` int(11) NOT NULL COMMENT 'Identificador ?nico para la mascota.',
  `ID_TIPO_PRES` int(11) DEFAULT NULL COMMENT 'identificador ?nico para el tipo de prestaci',
  `FECHA_ATENCION` datetime NOT NULL COMMENT 'Fecha en la cual se realiz? la antenci?n m?dica.',
  `PESO` float NOT NULL COMMENT 'Peso que registr? la mascota en la anteci',
  `TEMPERATURA` float NOT NULL COMMENT 'Temperatura que registr? la mascota en la atenci',
  `MOTIVO` varchar(200) NOT NULL COMMENT 'Motivo en pocas palabras del porque se llev? a la mascota a la cl?nica.',
  `ANAMNESIS` varchar(200) DEFAULT NULL COMMENT 'Toda la informaci?n entregada por el paciente respecto a lo que observa en la mascota.',
  `DIAGNOSTICO` varchar(200) DEFAULT NULL COMMENT 'Diagn?stico del m?dico veterinario en base a lo observado en la atenci',
  PRIMARY KEY (`ID_ATENCION`),
  KEY `FK_ES_UN2` (`ID_PRES`),
  KEY `FK_REALIZA2` (`ID_TIPO_PRES`),
  KEY `FK_REGISTRA2` (`ID_MAS`)
) ENGINE=InnoDB DEFAULT CHARSET=latin1 COMMENT='Entidad que posee los datos generales que se registran en ca' AUTO_INCREMENT=1 ;

-- --------------------------------------------------------

--
-- Estructura de tabla para la tabla `bloq_agen`
--

CREATE TABLE IF NOT EXISTS `bloq_agen` (
  `ID_AGENDA` int(11) NOT NULL,
  `ID_OFERTA_HOR` int(11) NOT NULL COMMENT 'identificador ?nico para oferta horaria\r\n            ',
  PRIMARY KEY (`ID_AGENDA`,`ID_OFERTA_HOR`),
  KEY `FK_CONTIENE` (`ID_OFERTA_HOR`)
) ENGINE=InnoDB DEFAULT CHARSET=latin1 COMMENT='Tabla que asocia la solicitud con los bloques de atenci';

-- --------------------------------------------------------

--
-- Estructura de tabla para la tabla `cal`
--

CREATE TABLE IF NOT EXISTS `cal` (
  `ID_CAL` int(11) NOT NULL AUTO_INCREMENT COMMENT 'Identificador ?nico para el bloque del calendario.',
  `FECHA_CAL` date NOT NULL COMMENT 'Fecha del calendario gen?rico para relacionarlo con un veterinario.',
  `DIA_TRABAJADO` tinyint(1) DEFAULT NULL COMMENT 'Indica si el dia corresponde o no a un dia laboral. Si es 1 el dia ser? considerado como trabajado, si es 0 corresponde a un dia que no es trabajado o feriado laboral ',
  `NOMBRE_DIA` varchar(2) DEFAULT NULL COMMENT 'Indica el nombre del dia, Lunes, Martes , Mi?rcoles, Jueves , Viernes,S?bado y Domingo',
  PRIMARY KEY (`ID_CAL`)
) ENGINE=InnoDB  DEFAULT CHARSET=latin1 COMMENT='Entidad que posee datos representativos de bloques de horari' AUTO_INCREMENT=2558 ;

--
-- Volcado de datos para la tabla `cal`
--

INSERT INTO `cal` (`ID_CAL`, `FECHA_CAL`, `DIA_TRABAJADO`, `NOMBRE_DIA`) VALUES
(1, '2014-01-01', 0, 'MI'),
(2, '2014-01-02', 1, 'JU'),
(3, '2014-01-03', 1, 'VI'),
(4, '2014-01-04', 1, 'SA'),
(5, '2014-01-05', 0, 'DO'),
(6, '2014-01-06', 1, 'LU'),
(7, '2014-01-07', 1, 'MA'),
(8, '2014-01-08', 1, 'MI'),
(9, '2014-01-09', 1, 'JU'),
(10, '2014-01-10', 1, 'VI'),
(11, '2014-01-11', 1, 'SA'),
(12, '2014-01-12', 0, 'DO'),
(13, '2014-01-13', 1, 'LU'),
(14, '2014-01-14', 1, 'MA'),
(15, '2014-01-15', 1, 'MI'),
(16, '2014-01-16', 1, 'JU'),
(17, '2014-01-17', 1, 'VI'),
(18, '2014-01-18', 1, 'SA'),
(19, '2014-01-19', 0, 'DO'),
(20, '2014-01-20', 1, 'LU'),
(21, '2014-01-21', 1, 'MA'),
(22, '2014-01-22', 1, 'MI'),
(23, '2014-01-23', 1, 'JU'),
(24, '2014-01-24', 1, 'VI'),
(25, '2014-01-25', 1, 'SA'),
(26, '2014-01-26', 0, 'DO'),
(27, '2014-01-27', 1, 'LU'),
(28, '2014-01-28', 1, 'MA'),
(29, '2014-01-29', 1, 'MI'),
(30, '2014-01-30', 1, 'JU'),
(31, '2014-01-31', 1, 'VI'),
(32, '2014-02-01', 1, 'SA'),
(33, '2014-02-02', 0, 'DO'),
(34, '2014-02-03', 1, 'LU'),
(35, '2014-02-04', 1, 'MA'),
(36, '2014-02-05', 1, 'MI'),
(37, '2014-02-06', 1, 'JU'),
(38, '2014-02-07', 1, 'VI'),
(39, '2014-02-08', 1, 'SA'),
(40, '2014-02-09', 0, 'DO'),
(41, '2014-02-10', 1, 'LU'),
(42, '2014-02-11', 1, 'MA'),
(43, '2014-02-12', 1, 'MI'),
(44, '2014-02-13', 1, 'JU'),
(45, '2014-02-14', 1, 'VI'),
(46, '2014-02-15', 1, 'SA'),
(47, '2014-02-16', 0, 'DO'),
(48, '2014-02-17', 1, 'LU'),
(49, '2014-02-18', 1, 'MA'),
(50, '2014-02-19', 1, 'MI'),
(51, '2014-02-20', 1, 'JU'),
(52, '2014-02-21', 1, 'VI'),
(53, '2014-02-22', 1, 'SA'),
(54, '2014-02-23', 0, 'DO'),
(55, '2014-02-24', 1, 'LU'),
(56, '2014-02-25', 1, 'MA'),
(57, '2014-02-26', 1, 'MI'),
(58, '2014-02-27', 1, 'JU'),
(59, '2014-02-28', 1, 'VI'),
(60, '2014-03-01', 1, 'SA'),
(61, '2014-03-02', 0, 'DO'),
(62, '2014-03-03', 1, 'LU'),
(63, '2014-03-04', 1, 'MA'),
(64, '2014-03-05', 1, 'MI'),
(65, '2014-03-06', 1, 'JU'),
(66, '2014-03-07', 1, 'VI'),
(67, '2014-03-08', 1, 'SA'),
(68, '2014-03-09', 0, 'DO'),
(69, '2014-03-10', 1, 'LU'),
(70, '2014-03-11', 1, 'MA'),
(71, '2014-03-12', 1, 'MI'),
(72, '2014-03-13', 1, 'JU'),
(73, '2014-03-14', 1, 'VI'),
(74, '2014-03-15', 1, 'SA'),
(75, '2014-03-16', 0, 'DO'),
(76, '2014-03-17', 1, 'LU'),
(77, '2014-03-18', 1, 'MA'),
(78, '2014-03-19', 1, 'MI'),
(79, '2014-03-20', 1, 'JU'),
(80, '2014-03-21', 1, 'VI'),
(81, '2014-03-22', 1, 'SA'),
(82, '2014-03-23', 0, 'DO'),
(83, '2014-03-24', 1, 'LU'),
(84, '2014-03-25', 1, 'MA'),
(85, '2014-03-26', 1, 'MI'),
(86, '2014-03-27', 1, 'JU'),
(87, '2014-03-28', 1, 'VI'),
(88, '2014-03-29', 1, 'SA'),
(89, '2014-03-30', 0, 'DO'),
(90, '2014-03-31', 1, 'LU'),
(91, '2014-04-01', 1, 'MA'),
(92, '2014-04-02', 1, 'MI'),
(93, '2014-04-03', 1, 'JU'),
(94, '2014-04-04', 1, 'VI'),
(95, '2014-04-05', 1, 'SA'),
(96, '2014-04-06', 0, 'DO'),
(97, '2014-04-07', 1, 'LU'),
(98, '2014-04-08', 1, 'MA'),
(99, '2014-04-09', 1, 'MI'),
(100, '2014-04-10', 1, 'JU'),
(101, '2014-04-11', 1, 'VI'),
(102, '2014-04-12', 1, 'SA'),
(103, '2014-04-13', 0, 'DO'),
(104, '2014-04-14', 1, 'LU'),
(105, '2014-04-15', 1, 'MA'),
(106, '2014-04-16', 1, 'MI'),
(107, '2014-04-17', 1, 'JU'),
(108, '2014-04-18', 1, 'VI'),
(109, '2014-04-19', 1, 'SA'),
(110, '2014-04-20', 0, 'DO'),
(111, '2014-04-21', 1, 'LU'),
(112, '2014-04-22', 1, 'MA'),
(113, '2014-04-23', 1, 'MI'),
(114, '2014-04-24', 1, 'JU'),
(115, '2014-04-25', 1, 'VI'),
(116, '2014-04-26', 1, 'SA'),
(117, '2014-04-27', 0, 'DO'),
(118, '2014-04-28', 1, 'LU'),
(119, '2014-04-29', 1, 'MA'),
(120, '2014-04-30', 1, 'MI'),
(121, '2014-05-01', 0, 'JU'),
(122, '2014-05-02', 1, 'VI'),
(123, '2014-05-03', 1, 'SA'),
(124, '2014-05-04', 0, 'DO'),
(125, '2014-05-05', 1, 'LU'),
(126, '2014-05-06', 1, 'MA'),
(127, '2014-05-07', 1, 'MI'),
(128, '2014-05-08', 1, 'JU'),
(129, '2014-05-09', 1, 'VI'),
(130, '2014-05-10', 1, 'SA'),
(131, '2014-05-11', 0, 'DO'),
(132, '2014-05-12', 1, 'LU'),
(133, '2014-05-13', 1, 'MA'),
(134, '2014-05-14', 1, 'MI'),
(135, '2014-05-15', 1, 'JU'),
(136, '2014-05-16', 1, 'VI'),
(137, '2014-05-17', 1, 'SA'),
(138, '2014-05-18', 0, 'DO'),
(139, '2014-05-19', 1, 'LU'),
(140, '2014-05-20', 1, 'MA'),
(141, '2014-05-21', 0, 'MI'),
(142, '2014-05-22', 1, 'JU'),
(143, '2014-05-23', 1, 'VI'),
(144, '2014-05-24', 1, 'SA'),
(145, '2014-05-25', 0, 'DO'),
(146, '2014-05-26', 1, 'LU'),
(147, '2014-05-27', 1, 'MA'),
(148, '2014-05-28', 1, 'MI'),
(149, '2014-05-29', 1, 'JU'),
(150, '2014-05-30', 1, 'VI'),
(151, '2014-05-31', 1, 'SA'),
(152, '2014-06-01', 0, 'DO'),
(153, '2014-06-02', 1, 'LU'),
(154, '2014-06-03', 1, 'MA'),
(155, '2014-06-04', 1, 'MI'),
(156, '2014-06-05', 1, 'JU'),
(157, '2014-06-06', 1, 'VI'),
(158, '2014-06-07', 1, 'SA'),
(159, '2014-06-08', 0, 'DO'),
(160, '2014-06-09', 1, 'LU'),
(161, '2014-06-10', 1, 'MA'),
(162, '2014-06-11', 1, 'MI'),
(163, '2014-06-12', 1, 'JU'),
(164, '2014-06-13', 1, 'VI'),
(165, '2014-06-14', 1, 'SA'),
(166, '2014-06-15', 0, 'DO'),
(167, '2014-06-16', 1, 'LU'),
(168, '2014-06-17', 1, 'MA'),
(169, '2014-06-18', 1, 'MI'),
(170, '2014-06-19', 1, 'JU'),
(171, '2014-06-20', 1, 'VI'),
(172, '2014-06-21', 1, 'SA'),
(173, '2014-06-22', 0, 'DO'),
(174, '2014-06-23', 1, 'LU'),
(175, '2014-06-24', 1, 'MA'),
(176, '2014-06-25', 1, 'MI'),
(177, '2014-06-26', 1, 'JU'),
(178, '2014-06-27', 1, 'VI'),
(179, '2014-06-28', 1, 'SA'),
(180, '2014-06-29', 0, 'DO'),
(181, '2014-06-30', 1, 'LU'),
(182, '2014-07-01', 1, 'MA'),
(183, '2014-07-02', 1, 'MI'),
(184, '2014-07-03', 1, 'JU'),
(185, '2014-07-04', 1, 'VI'),
(186, '2014-07-05', 1, 'SA'),
(187, '2014-07-06', 0, 'DO'),
(188, '2014-07-07', 1, 'LU'),
(189, '2014-07-08', 1, 'MA'),
(190, '2014-07-09', 1, 'MI'),
(191, '2014-07-10', 1, 'JU'),
(192, '2014-07-11', 1, 'VI'),
(193, '2014-07-12', 1, 'SA'),
(194, '2014-07-13', 0, 'DO'),
(195, '2014-07-14', 1, 'LU'),
(196, '2014-07-15', 1, 'MA'),
(197, '2014-07-16', 0, 'MI'),
(198, '2014-07-17', 1, 'JU'),
(199, '2014-07-18', 1, 'VI'),
(200, '2014-07-19', 1, 'SA'),
(201, '2014-07-20', 0, 'DO'),
(202, '2014-07-21', 1, 'LU'),
(203, '2014-07-22', 1, 'MA'),
(204, '2014-07-23', 1, 'MI'),
(205, '2014-07-24', 1, 'JU'),
(206, '2014-07-25', 1, 'VI'),
(207, '2014-07-26', 1, 'SA'),
(208, '2014-07-27', 0, 'DO'),
(209, '2014-07-28', 1, 'LU'),
(210, '2014-07-29', 1, 'MA'),
(211, '2014-07-30', 1, 'MI'),
(212, '2014-07-31', 1, 'JU'),
(213, '2014-08-01', 1, 'VI'),
(214, '2014-08-02', 1, 'SA'),
(215, '2014-08-03', 0, 'DO'),
(216, '2014-08-04', 1, 'LU'),
(217, '2014-08-05', 1, 'MA'),
(218, '2014-08-06', 1, 'MI'),
(219, '2014-08-07', 1, 'JU'),
(220, '2014-08-08', 1, 'VI'),
(221, '2014-08-09', 1, 'SA'),
(222, '2014-08-10', 0, 'DO'),
(223, '2014-08-11', 1, 'LU'),
(224, '2014-08-12', 1, 'MA'),
(225, '2014-08-13', 1, 'MI'),
(226, '2014-08-14', 1, 'JU'),
(227, '2014-08-15', 0, 'VI'),
(228, '2014-08-16', 1, 'SA'),
(229, '2014-08-17', 0, 'DO'),
(230, '2014-08-18', 1, 'LU'),
(231, '2014-08-19', 1, 'MA'),
(232, '2014-08-20', 1, 'MI'),
(233, '2014-08-21', 1, 'JU'),
(234, '2014-08-22', 1, 'VI'),
(235, '2014-08-23', 1, 'SA'),
(236, '2014-08-24', 0, 'DO'),
(237, '2014-08-25', 1, 'LU'),
(238, '2014-08-26', 1, 'MA'),
(239, '2014-08-27', 1, 'MI'),
(240, '2014-08-28', 1, 'JU'),
(241, '2014-08-29', 1, 'VI'),
(242, '2014-08-30', 1, 'SA'),
(243, '2014-08-31', 0, 'DO'),
(244, '2014-09-01', 1, 'LU'),
(245, '2014-09-02', 1, 'MA'),
(246, '2014-09-03', 1, 'MI'),
(247, '2014-09-04', 1, 'JU'),
(248, '2014-09-05', 1, 'VI'),
(249, '2014-09-06', 1, 'SA'),
(250, '2014-09-07', 0, 'DO'),
(251, '2014-09-08', 1, 'LU'),
(252, '2014-09-09', 1, 'MA'),
(253, '2014-09-10', 1, 'MI'),
(254, '2014-09-11', 1, 'JU'),
(255, '2014-09-12', 1, 'VI'),
(256, '2014-09-13', 1, 'SA'),
(257, '2014-09-14', 0, 'DO'),
(258, '2014-09-15', 1, 'LU'),
(259, '2014-09-16', 1, 'MA'),
(260, '2014-09-17', 1, 'MI'),
(261, '2014-09-18', 0, 'JU'),
(262, '2014-09-19', 0, 'VI'),
(263, '2014-09-20', 1, 'SA'),
(264, '2014-09-21', 0, 'DO'),
(265, '2014-09-22', 1, 'LU'),
(266, '2014-09-23', 1, 'MA'),
(267, '2014-09-24', 1, 'MI'),
(268, '2014-09-25', 1, 'JU'),
(269, '2014-09-26', 1, 'VI'),
(270, '2014-09-27', 1, 'SA'),
(271, '2014-09-28', 0, 'DO'),
(272, '2014-09-29', 1, 'LU'),
(273, '2014-09-30', 1, 'MA'),
(274, '2014-10-01', 1, 'MI'),
(275, '2014-10-02', 1, 'JU'),
(276, '2014-10-03', 1, 'VI'),
(277, '2014-10-04', 1, 'SA'),
(278, '2014-10-05', 0, 'DO'),
(279, '2014-10-06', 1, 'LU'),
(280, '2014-10-07', 1, 'MA'),
(281, '2014-10-08', 1, 'MI'),
(282, '2014-10-09', 1, 'JU'),
(283, '2014-10-10', 1, 'VI'),
(284, '2014-10-11', 1, 'SA'),
(285, '2014-10-12', 0, 'DO'),
(286, '2014-10-13', 1, 'LU'),
(287, '2014-10-14', 1, 'MA'),
(288, '2014-10-15', 1, 'MI'),
(289, '2014-10-16', 1, 'JU'),
(290, '2014-10-17', 1, 'VI'),
(291, '2014-10-18', 1, 'SA'),
(292, '2014-10-19', 0, 'DO'),
(293, '2014-10-20', 1, 'LU'),
(294, '2014-10-21', 1, 'MA'),
(295, '2014-10-22', 1, 'MI'),
(296, '2014-10-23', 1, 'JU'),
(297, '2014-10-24', 1, 'VI'),
(298, '2014-10-25', 1, 'SA'),
(299, '2014-10-26', 0, 'DO'),
(300, '2014-10-27', 1, 'LU'),
(301, '2014-10-28', 1, 'MA'),
(302, '2014-10-29', 1, 'MI'),
(303, '2014-10-30', 1, 'JU'),
(304, '2014-10-31', 0, 'VI'),
(305, '2014-11-01', 0, 'SA'),
(306, '2014-11-02', 0, 'DO'),
(307, '2014-11-03', 1, 'LU'),
(308, '2014-11-04', 1, 'MA'),
(309, '2014-11-05', 1, 'MI'),
(310, '2014-11-06', 1, 'JU'),
(311, '2014-11-07', 1, 'VI'),
(312, '2014-11-08', 1, 'SA'),
(313, '2014-11-09', 0, 'DO'),
(314, '2014-11-10', 1, 'LU'),
(315, '2014-11-11', 1, 'MA'),
(316, '2014-11-12', 1, 'MI'),
(317, '2014-11-13', 1, 'JU'),
(318, '2014-11-14', 1, 'VI'),
(319, '2014-11-15', 1, 'SA'),
(320, '2014-11-16', 0, 'DO'),
(321, '2014-11-17', 1, 'LU'),
(322, '2014-11-18', 1, 'MA'),
(323, '2014-11-19', 1, 'MI'),
(324, '2014-11-20', 1, 'JU'),
(325, '2014-11-21', 1, 'VI'),
(326, '2014-11-22', 1, 'SA'),
(327, '2014-11-23', 0, 'DO'),
(328, '2014-11-24', 1, 'LU'),
(329, '2014-11-25', 1, 'MA'),
(330, '2014-11-26', 1, 'MI'),
(331, '2014-11-27', 1, 'JU'),
(332, '2014-11-28', 1, 'VI'),
(333, '2014-11-29', 1, 'SA'),
(334, '2014-11-30', 0, 'DO'),
(335, '2014-12-01', 1, 'LU'),
(336, '2014-12-02', 1, 'MA'),
(337, '2014-12-03', 1, 'MI'),
(338, '2014-12-04', 1, 'JU'),
(339, '2014-12-05', 1, 'VI'),
(340, '2014-12-06', 1, 'SA'),
(341, '2014-12-07', 0, 'DO'),
(342, '2014-12-08', 0, 'LU'),
(343, '2014-12-09', 1, 'MA'),
(344, '2014-12-10', 1, 'MI'),
(345, '2014-12-11', 1, 'JU'),
(346, '2014-12-12', 1, 'VI'),
(347, '2014-12-13', 1, 'SA'),
(348, '2014-12-14', 0, 'DO'),
(349, '2014-12-15', 1, 'LU'),
(350, '2014-12-16', 1, 'MA'),
(351, '2014-12-17', 1, 'MI'),
(352, '2014-12-18', 1, 'JU'),
(353, '2014-12-19', 1, 'VI'),
(354, '2014-12-20', 1, 'SA'),
(355, '2014-12-21', 0, 'DO'),
(356, '2014-12-22', 1, 'LU'),
(357, '2014-12-23', 1, 'MA'),
(358, '2014-12-24', 1, 'MI'),
(359, '2014-12-25', 0, 'JU'),
(360, '2014-12-26', 1, 'VI'),
(361, '2014-12-27', 1, 'SA'),
(362, '2014-12-28', 0, 'DO'),
(363, '2014-12-29', 1, 'LU'),
(364, '2014-12-30', 1, 'MA'),
(365, '2014-12-31', 1, 'MI'),
(366, '2015-01-01', 0, 'JU'),
(367, '2015-01-02', 1, 'VI'),
(368, '2015-01-03', 1, 'SA'),
(369, '2015-01-04', 0, 'DO'),
(370, '2015-01-05', 1, 'LU'),
(371, '2015-01-06', 1, 'MA'),
(372, '2015-01-07', 1, 'MI'),
(373, '2015-01-08', 1, 'JU'),
(374, '2015-01-09', 1, 'VI'),
(375, '2015-01-10', 1, 'SA'),
(376, '2015-01-11', 0, 'DO'),
(377, '2015-01-12', 1, 'LU'),
(378, '2015-01-13', 1, 'MA'),
(379, '2015-01-14', 1, 'MI'),
(380, '2015-01-15', 1, 'JU'),
(381, '2015-01-16', 1, 'VI'),
(382, '2015-01-17', 1, 'SA'),
(383, '2015-01-18', 0, 'DO'),
(384, '2015-01-19', 1, 'LU'),
(385, '2015-01-20', 1, 'MA'),
(386, '2015-01-21', 1, 'MI'),
(387, '2015-01-22', 1, 'JU'),
(388, '2015-01-23', 1, 'VI'),
(389, '2015-01-24', 1, 'SA'),
(390, '2015-01-25', 0, 'DO'),
(391, '2015-01-26', 1, 'LU'),
(392, '2015-01-27', 1, 'MA'),
(393, '2015-01-28', 1, 'MI'),
(394, '2015-01-29', 1, 'JU'),
(395, '2015-01-30', 1, 'VI'),
(396, '2015-01-31', 1, 'SA'),
(397, '2015-02-01', 0, 'DO'),
(398, '2015-02-02', 1, 'LU'),
(399, '2015-02-03', 1, 'MA'),
(400, '2015-02-04', 1, 'MI'),
(401, '2015-02-05', 1, 'JU'),
(402, '2015-02-06', 1, 'VI'),
(403, '2015-02-07', 1, 'SA'),
(404, '2015-02-08', 0, 'DO'),
(405, '2015-02-09', 1, 'LU'),
(406, '2015-02-10', 1, 'MA'),
(407, '2015-02-11', 1, 'MI'),
(408, '2015-02-12', 1, 'JU'),
(409, '2015-02-13', 1, 'VI'),
(410, '2015-02-14', 1, 'SA'),
(411, '2015-02-15', 0, 'DO'),
(412, '2015-02-16', 1, 'LU'),
(413, '2015-02-17', 1, 'MA'),
(414, '2015-02-18', 1, 'MI'),
(415, '2015-02-19', 1, 'JU'),
(416, '2015-02-20', 1, 'VI'),
(417, '2015-02-21', 1, 'SA'),
(418, '2015-02-22', 0, 'DO'),
(419, '2015-02-23', 1, 'LU'),
(420, '2015-02-24', 1, 'MA'),
(421, '2015-02-25', 1, 'MI'),
(422, '2015-02-26', 1, 'JU'),
(423, '2015-02-27', 1, 'VI'),
(424, '2015-02-28', 1, 'SA'),
(425, '2015-03-01', 0, 'DO'),
(426, '2015-03-02', 1, 'LU'),
(427, '2015-03-03', 1, 'MA'),
(428, '2015-03-04', 1, 'MI'),
(429, '2015-03-05', 1, 'JU'),
(430, '2015-03-06', 1, 'VI'),
(431, '2015-03-07', 1, 'SA'),
(432, '2015-03-08', 0, 'DO'),
(433, '2015-03-09', 1, 'LU'),
(434, '2015-03-10', 1, 'MA'),
(435, '2015-03-11', 1, 'MI'),
(436, '2015-03-12', 1, 'JU'),
(437, '2015-03-13', 1, 'VI'),
(438, '2015-03-14', 1, 'SA'),
(439, '2015-03-15', 0, 'DO'),
(440, '2015-03-16', 1, 'LU'),
(441, '2015-03-17', 1, 'MA'),
(442, '2015-03-18', 1, 'MI'),
(443, '2015-03-19', 1, 'JU'),
(444, '2015-03-20', 1, 'VI'),
(445, '2015-03-21', 1, 'SA'),
(446, '2015-03-22', 0, 'DO'),
(447, '2015-03-23', 1, 'LU'),
(448, '2015-03-24', 1, 'MA'),
(449, '2015-03-25', 1, 'MI'),
(450, '2015-03-26', 1, 'JU'),
(451, '2015-03-27', 1, 'VI'),
(452, '2015-03-28', 1, 'SA'),
(453, '2015-03-29', 0, 'DO'),
(454, '2015-03-30', 1, 'LU'),
(455, '2015-03-31', 1, 'MA'),
(456, '2015-04-01', 1, 'MI'),
(457, '2015-04-02', 1, 'JU'),
(458, '2015-04-03', 1, 'VI'),
(459, '2015-04-04', 1, 'SA'),
(460, '2015-04-05', 0, 'DO'),
(461, '2015-04-06', 1, 'LU'),
(462, '2015-04-07', 1, 'MA'),
(463, '2015-04-08', 1, 'MI'),
(464, '2015-04-09', 1, 'JU'),
(465, '2015-04-10', 1, 'VI'),
(466, '2015-04-11', 1, 'SA'),
(467, '2015-04-12', 0, 'DO'),
(468, '2015-04-13', 1, 'LU'),
(469, '2015-04-14', 1, 'MA'),
(470, '2015-04-15', 1, 'MI'),
(471, '2015-04-16', 1, 'JU'),
(472, '2015-04-17', 1, 'VI'),
(473, '2015-04-18', 1, 'SA'),
(474, '2015-04-19', 0, 'DO'),
(475, '2015-04-20', 1, 'LU'),
(476, '2015-04-21', 1, 'MA'),
(477, '2015-04-22', 1, 'MI'),
(478, '2015-04-23', 1, 'JU'),
(479, '2015-04-24', 1, 'VI'),
(480, '2015-04-25', 1, 'SA'),
(481, '2015-04-26', 0, 'DO'),
(482, '2015-04-27', 1, 'LU'),
(483, '2015-04-28', 1, 'MA'),
(484, '2015-04-29', 1, 'MI'),
(485, '2015-04-30', 1, 'JU'),
(486, '2015-05-01', 0, 'VI'),
(487, '2015-05-02', 1, 'SA'),
(488, '2015-05-03', 0, 'DO'),
(489, '2015-05-04', 1, 'LU'),
(490, '2015-05-05', 1, 'MA'),
(491, '2015-05-06', 1, 'MI'),
(492, '2015-05-07', 1, 'JU'),
(493, '2015-05-08', 1, 'VI'),
(494, '2015-05-09', 1, 'SA'),
(495, '2015-05-10', 0, 'DO'),
(496, '2015-05-11', 1, 'LU'),
(497, '2015-05-12', 1, 'MA'),
(498, '2015-05-13', 1, 'MI'),
(499, '2015-05-14', 1, 'JU'),
(500, '2015-05-15', 1, 'VI'),
(501, '2015-05-16', 1, 'SA'),
(502, '2015-05-17', 0, 'DO'),
(503, '2015-05-18', 1, 'LU'),
(504, '2015-05-19', 1, 'MA'),
(505, '2015-05-20', 1, 'MI'),
(506, '2015-05-21', 0, 'JU'),
(507, '2015-05-22', 1, 'VI'),
(508, '2015-05-23', 1, 'SA'),
(509, '2015-05-24', 0, 'DO'),
(510, '2015-05-25', 1, 'LU'),
(511, '2015-05-26', 1, 'MA'),
(512, '2015-05-27', 1, 'MI'),
(513, '2015-05-28', 1, 'JU'),
(514, '2015-05-29', 1, 'VI'),
(515, '2015-05-30', 1, 'SA'),
(516, '2015-05-31', 0, 'DO'),
(517, '2015-06-01', 1, 'LU'),
(518, '2015-06-02', 1, 'MA'),
(519, '2015-06-03', 1, 'MI'),
(520, '2015-06-04', 1, 'JU'),
(521, '2015-06-05', 1, 'VI'),
(522, '2015-06-06', 1, 'SA'),
(523, '2015-06-07', 0, 'DO'),
(524, '2015-06-08', 1, 'LU'),
(525, '2015-06-09', 1, 'MA'),
(526, '2015-06-10', 1, 'MI'),
(527, '2015-06-11', 1, 'JU'),
(528, '2015-06-12', 1, 'VI'),
(529, '2015-06-13', 1, 'SA'),
(530, '2015-06-14', 0, 'DO'),
(531, '2015-06-15', 1, 'LU'),
(532, '2015-06-16', 1, 'MA'),
(533, '2015-06-17', 1, 'MI'),
(534, '2015-06-18', 1, 'JU'),
(535, '2015-06-19', 1, 'VI'),
(536, '2015-06-20', 1, 'SA'),
(537, '2015-06-21', 0, 'DO'),
(538, '2015-06-22', 1, 'LU'),
(539, '2015-06-23', 1, 'MA'),
(540, '2015-06-24', 1, 'MI'),
(541, '2015-06-25', 1, 'JU'),
(542, '2015-06-26', 1, 'VI'),
(543, '2015-06-27', 1, 'SA'),
(544, '2015-06-28', 0, 'DO'),
(545, '2015-06-29', 0, 'LU'),
(546, '2015-06-30', 1, 'MA'),
(547, '2015-07-01', 1, 'MI'),
(548, '2015-07-02', 1, 'JU'),
(549, '2015-07-03', 1, 'VI'),
(550, '2015-07-04', 1, 'SA'),
(551, '2015-07-05', 0, 'DO'),
(552, '2015-07-06', 1, 'LU'),
(553, '2015-07-07', 1, 'MA'),
(554, '2015-07-08', 1, 'MI'),
(555, '2015-07-09', 1, 'JU'),
(556, '2015-07-10', 1, 'VI'),
(557, '2015-07-11', 1, 'SA'),
(558, '2015-07-12', 0, 'DO'),
(559, '2015-07-13', 1, 'LU'),
(560, '2015-07-14', 1, 'MA'),
(561, '2015-07-15', 1, 'MI'),
(562, '2015-07-16', 0, 'JU'),
(563, '2015-07-17', 1, 'VI'),
(564, '2015-07-18', 1, 'SA'),
(565, '2015-07-19', 0, 'DO'),
(566, '2015-07-20', 1, 'LU'),
(567, '2015-07-21', 1, 'MA'),
(568, '2015-07-22', 1, 'MI'),
(569, '2015-07-23', 1, 'JU'),
(570, '2015-07-24', 1, 'VI'),
(571, '2015-07-25', 1, 'SA'),
(572, '2015-07-26', 0, 'DO'),
(573, '2015-07-27', 1, 'LU'),
(574, '2015-07-28', 1, 'MA'),
(575, '2015-07-29', 1, 'MI'),
(576, '2015-07-30', 1, 'JU'),
(577, '2015-07-31', 1, 'VI'),
(578, '2015-08-01', 1, 'SA'),
(579, '2015-08-02', 0, 'DO'),
(580, '2015-08-03', 1, 'LU'),
(581, '2015-08-04', 1, 'MA'),
(582, '2015-08-05', 1, 'MI'),
(583, '2015-08-06', 1, 'JU'),
(584, '2015-08-07', 1, 'VI'),
(585, '2015-08-08', 1, 'SA'),
(586, '2015-08-09', 0, 'DO'),
(587, '2015-08-10', 1, 'LU'),
(588, '2015-08-11', 1, 'MA'),
(589, '2015-08-12', 1, 'MI'),
(590, '2015-08-13', 1, 'JU'),
(591, '2015-08-14', 1, 'VI'),
(592, '2015-08-15', 0, 'SA'),
(593, '2015-08-16', 0, 'DO'),
(594, '2015-08-17', 1, 'LU'),
(595, '2015-08-18', 1, 'MA'),
(596, '2015-08-19', 1, 'MI'),
(597, '2015-08-20', 1, 'JU'),
(598, '2015-08-21', 1, 'VI'),
(599, '2015-08-22', 1, 'SA'),
(600, '2015-08-23', 0, 'DO'),
(601, '2015-08-24', 1, 'LU'),
(602, '2015-08-25', 1, 'MA'),
(603, '2015-08-26', 1, 'MI'),
(604, '2015-08-27', 1, 'JU'),
(605, '2015-08-28', 1, 'VI'),
(606, '2015-08-29', 1, 'SA'),
(607, '2015-08-30', 0, 'DO'),
(608, '2015-08-31', 1, 'LU'),
(609, '2015-09-01', 1, 'MA'),
(610, '2015-09-02', 1, 'MI'),
(611, '2015-09-03', 1, 'JU'),
(612, '2015-09-04', 1, 'VI'),
(613, '2015-09-05', 1, 'SA'),
(614, '2015-09-06', 0, 'DO'),
(615, '2015-09-07', 1, 'LU'),
(616, '2015-09-08', 1, 'MA'),
(617, '2015-09-09', 1, 'MI'),
(618, '2015-09-10', 1, 'JU'),
(619, '2015-09-11', 1, 'VI'),
(620, '2015-09-12', 1, 'SA'),
(621, '2015-09-13', 0, 'DO'),
(622, '2015-09-14', 1, 'LU'),
(623, '2015-09-15', 1, 'MA'),
(624, '2015-09-16', 1, 'MI'),
(625, '2015-09-17', 1, 'JU'),
(626, '2015-09-18', 0, 'VI'),
(627, '2015-09-19', 0, 'SA'),
(628, '2015-09-20', 0, 'DO'),
(629, '2015-09-21', 1, 'LU'),
(630, '2015-09-22', 1, 'MA'),
(631, '2015-09-23', 1, 'MI'),
(632, '2015-09-24', 1, 'JU'),
(633, '2015-09-25', 1, 'VI'),
(634, '2015-09-26', 1, 'SA'),
(635, '2015-09-27', 0, 'DO'),
(636, '2015-09-28', 1, 'LU'),
(637, '2015-09-29', 1, 'MA'),
(638, '2015-09-30', 1, 'MI'),
(639, '2015-10-01', 1, 'JU'),
(640, '2015-10-02', 1, 'VI'),
(641, '2015-10-03', 1, 'SA'),
(642, '2015-10-04', 0, 'DO'),
(643, '2015-10-05', 1, 'LU'),
(644, '2015-10-06', 1, 'MA'),
(645, '2015-10-07', 1, 'MI'),
(646, '2015-10-08', 1, 'JU'),
(647, '2015-10-09', 1, 'VI'),
(648, '2015-10-10', 1, 'SA'),
(649, '2015-10-11', 0, 'DO'),
(650, '2015-10-12', 0, 'LU'),
(651, '2015-10-13', 1, 'MA'),
(652, '2015-10-14', 1, 'MI'),
(653, '2015-10-15', 1, 'JU'),
(654, '2015-10-16', 1, 'VI'),
(655, '2015-10-17', 1, 'SA'),
(656, '2015-10-18', 0, 'DO'),
(657, '2015-10-19', 1, 'LU'),
(658, '2015-10-20', 1, 'MA'),
(659, '2015-10-21', 1, 'MI'),
(660, '2015-10-22', 1, 'JU'),
(661, '2015-10-23', 1, 'VI'),
(662, '2015-10-24', 1, 'SA'),
(663, '2015-10-25', 0, 'DO'),
(664, '2015-10-26', 1, 'LU'),
(665, '2015-10-27', 1, 'MA'),
(666, '2015-10-28', 1, 'MI'),
(667, '2015-10-29', 1, 'JU'),
(668, '2015-10-30', 1, 'VI'),
(669, '2015-10-31', 0, 'SA'),
(670, '2015-11-01', 0, 'DO'),
(671, '2015-11-02', 1, 'LU'),
(672, '2015-11-03', 1, 'MA'),
(673, '2015-11-04', 1, 'MI'),
(674, '2015-11-05', 1, 'JU'),
(675, '2015-11-06', 1, 'VI'),
(676, '2015-11-07', 1, 'SA'),
(677, '2015-11-08', 0, 'DO'),
(678, '2015-11-09', 1, 'LU'),
(679, '2015-11-10', 1, 'MA'),
(680, '2015-11-11', 1, 'MI'),
(681, '2015-11-12', 1, 'JU'),
(682, '2015-11-13', 1, 'VI'),
(683, '2015-11-14', 1, 'SA'),
(684, '2015-11-15', 0, 'DO'),
(685, '2015-11-16', 1, 'LU'),
(686, '2015-11-17', 1, 'MA'),
(687, '2015-11-18', 1, 'MI'),
(688, '2015-11-19', 1, 'JU'),
(689, '2015-11-20', 1, 'VI'),
(690, '2015-11-21', 1, 'SA'),
(691, '2015-11-22', 0, 'DO'),
(692, '2015-11-23', 1, 'LU'),
(693, '2015-11-24', 1, 'MA'),
(694, '2015-11-25', 1, 'MI'),
(695, '2015-11-26', 1, 'JU'),
(696, '2015-11-27', 1, 'VI'),
(697, '2015-11-28', 1, 'SA'),
(698, '2015-11-29', 0, 'DO'),
(699, '2015-11-30', 1, 'LU'),
(700, '2015-12-01', 1, 'MA'),
(701, '2015-12-02', 1, 'MI'),
(702, '2015-12-03', 1, 'JU'),
(703, '2015-12-04', 1, 'VI'),
(704, '2015-12-05', 1, 'SA'),
(705, '2015-12-06', 0, 'DO'),
(706, '2015-12-07', 1, 'LU'),
(707, '2015-12-08', 0, 'MA'),
(708, '2015-12-09', 1, 'MI'),
(709, '2015-12-10', 1, 'JU'),
(710, '2015-12-11', 1, 'VI'),
(711, '2015-12-12', 1, 'SA'),
(712, '2015-12-13', 0, 'DO'),
(713, '2015-12-14', 1, 'LU'),
(714, '2015-12-15', 1, 'MA'),
(715, '2015-12-16', 1, 'MI'),
(716, '2015-12-17', 1, 'JU'),
(717, '2015-12-18', 1, 'VI'),
(718, '2015-12-19', 1, 'SA'),
(719, '2015-12-20', 0, 'DO'),
(720, '2015-12-21', 1, 'LU'),
(721, '2015-12-22', 1, 'MA'),
(722, '2015-12-23', 1, 'MI'),
(723, '2015-12-24', 1, 'JU'),
(724, '2015-12-25', 0, 'VI'),
(725, '2015-12-26', 1, 'SA'),
(726, '2015-12-27', 0, 'DO'),
(727, '2015-12-28', 1, 'LU'),
(728, '2015-12-29', 1, 'MA'),
(729, '2015-12-30', 1, 'MI'),
(730, '2015-12-31', 1, 'JU'),
(731, '2016-01-01', 0, 'VI'),
(732, '2016-01-02', 1, 'SA'),
(733, '2016-01-03', 0, 'DO'),
(734, '2016-01-04', 1, 'LU'),
(735, '2016-01-05', 1, 'MA'),
(736, '2016-01-06', 1, 'MI'),
(737, '2016-01-07', 1, 'JU'),
(738, '2016-01-08', 1, 'VI'),
(739, '2016-01-09', 1, 'SA'),
(740, '2016-01-10', 0, 'DO'),
(741, '2016-01-11', 1, 'LU'),
(742, '2016-01-12', 1, 'MA'),
(743, '2016-01-13', 1, 'MI'),
(744, '2016-01-14', 1, 'JU'),
(745, '2016-01-15', 1, 'VI'),
(746, '2016-01-16', 1, 'SA'),
(747, '2016-01-17', 0, 'DO'),
(748, '2016-01-18', 1, 'LU'),
(749, '2016-01-19', 1, 'MA'),
(750, '2016-01-20', 1, 'MI'),
(751, '2016-01-21', 1, 'JU'),
(752, '2016-01-22', 1, 'VI'),
(753, '2016-01-23', 1, 'SA'),
(754, '2016-01-24', 0, 'DO'),
(755, '2016-01-25', 1, 'LU'),
(756, '2016-01-26', 1, 'MA'),
(757, '2016-01-27', 1, 'MI'),
(758, '2016-01-28', 1, 'JU'),
(759, '2016-01-29', 1, 'VI'),
(760, '2016-01-30', 1, 'SA'),
(761, '2016-01-31', 0, 'DO'),
(762, '2016-02-01', 1, 'LU'),
(763, '2016-02-02', 1, 'MA'),
(764, '2016-02-03', 1, 'MI'),
(765, '2016-02-04', 1, 'JU'),
(766, '2016-02-05', 1, 'VI'),
(767, '2016-02-06', 1, 'SA'),
(768, '2016-02-07', 0, 'DO'),
(769, '2016-02-08', 1, 'LU'),
(770, '2016-02-09', 1, 'MA'),
(771, '2016-02-10', 1, 'MI'),
(772, '2016-02-11', 1, 'JU'),
(773, '2016-02-12', 1, 'VI'),
(774, '2016-02-13', 1, 'SA'),
(775, '2016-02-14', 0, 'DO'),
(776, '2016-02-15', 1, 'LU'),
(777, '2016-02-16', 1, 'MA'),
(778, '2016-02-17', 1, 'MI'),
(779, '2016-02-18', 1, 'JU'),
(780, '2016-02-19', 1, 'VI'),
(781, '2016-02-20', 1, 'SA'),
(782, '2016-02-21', 0, 'DO'),
(783, '2016-02-22', 1, 'LU'),
(784, '2016-02-23', 1, 'MA'),
(785, '2016-02-24', 1, 'MI'),
(786, '2016-02-25', 1, 'JU'),
(787, '2016-02-26', 1, 'VI'),
(788, '2016-02-27', 1, 'SA'),
(789, '2016-02-28', 0, 'DO'),
(790, '2016-02-29', 1, 'LU'),
(791, '2016-03-01', 1, 'MA'),
(792, '2016-03-02', 1, 'MI'),
(793, '2016-03-03', 1, 'JU'),
(794, '2016-03-04', 1, 'VI'),
(795, '2016-03-05', 1, 'SA'),
(796, '2016-03-06', 0, 'DO'),
(797, '2016-03-07', 1, 'LU'),
(798, '2016-03-08', 1, 'MA'),
(799, '2016-03-09', 1, 'MI'),
(800, '2016-03-10', 1, 'JU'),
(801, '2016-03-11', 1, 'VI'),
(802, '2016-03-12', 1, 'SA'),
(803, '2016-03-13', 0, 'DO'),
(804, '2016-03-14', 1, 'LU'),
(805, '2016-03-15', 1, 'MA'),
(806, '2016-03-16', 1, 'MI'),
(807, '2016-03-17', 1, 'JU'),
(808, '2016-03-18', 1, 'VI'),
(809, '2016-03-19', 1, 'SA'),
(810, '2016-03-20', 0, 'DO'),
(811, '2016-03-21', 1, 'LU'),
(812, '2016-03-22', 1, 'MA'),
(813, '2016-03-23', 1, 'MI'),
(814, '2016-03-24', 1, 'JU'),
(815, '2016-03-25', 1, 'VI'),
(816, '2016-03-26', 1, 'SA'),
(817, '2016-03-27', 0, 'DO'),
(818, '2016-03-28', 1, 'LU'),
(819, '2016-03-29', 1, 'MA'),
(820, '2016-03-30', 1, 'MI'),
(821, '2016-03-31', 1, 'JU'),
(822, '2016-04-01', 1, 'VI'),
(823, '2016-04-02', 1, 'SA'),
(824, '2016-04-03', 0, 'DO'),
(825, '2016-04-04', 1, 'LU'),
(826, '2016-04-05', 1, 'MA'),
(827, '2016-04-06', 1, 'MI'),
(828, '2016-04-07', 1, 'JU'),
(829, '2016-04-08', 1, 'VI'),
(830, '2016-04-09', 1, 'SA'),
(831, '2016-04-10', 0, 'DO'),
(832, '2016-04-11', 1, 'LU'),
(833, '2016-04-12', 1, 'MA'),
(834, '2016-04-13', 1, 'MI'),
(835, '2016-04-14', 1, 'JU'),
(836, '2016-04-15', 1, 'VI'),
(837, '2016-04-16', 1, 'SA'),
(838, '2016-04-17', 0, 'DO'),
(839, '2016-04-18', 1, 'LU'),
(840, '2016-04-19', 1, 'MA'),
(841, '2016-04-20', 1, 'MI'),
(842, '2016-04-21', 1, 'JU'),
(843, '2016-04-22', 1, 'VI'),
(844, '2016-04-23', 1, 'SA'),
(845, '2016-04-24', 0, 'DO'),
(846, '2016-04-25', 1, 'LU'),
(847, '2016-04-26', 1, 'MA'),
(848, '2016-04-27', 1, 'MI'),
(849, '2016-04-28', 1, 'JU'),
(850, '2016-04-29', 1, 'VI'),
(851, '2016-04-30', 1, 'SA'),
(852, '2016-05-01', 0, 'DO'),
(853, '2016-05-02', 1, 'LU'),
(854, '2016-05-03', 1, 'MA'),
(855, '2016-05-04', 1, 'MI'),
(856, '2016-05-05', 1, 'JU'),
(857, '2016-05-06', 1, 'VI'),
(858, '2016-05-07', 1, 'SA'),
(859, '2016-05-08', 0, 'DO'),
(860, '2016-05-09', 1, 'LU'),
(861, '2016-05-10', 1, 'MA'),
(862, '2016-05-11', 1, 'MI'),
(863, '2016-05-12', 1, 'JU'),
(864, '2016-05-13', 1, 'VI'),
(865, '2016-05-14', 1, 'SA'),
(866, '2016-05-15', 0, 'DO'),
(867, '2016-05-16', 1, 'LU'),
(868, '2016-05-17', 1, 'MA'),
(869, '2016-05-18', 1, 'MI'),
(870, '2016-05-19', 1, 'JU'),
(871, '2016-05-20', 1, 'VI'),
(872, '2016-05-21', 0, 'SA'),
(873, '2016-05-22', 0, 'DO'),
(874, '2016-05-23', 1, 'LU'),
(875, '2016-05-24', 1, 'MA'),
(876, '2016-05-25', 1, 'MI'),
(877, '2016-05-26', 1, 'JU'),
(878, '2016-05-27', 1, 'VI'),
(879, '2016-05-28', 1, 'SA'),
(880, '2016-05-29', 0, 'DO'),
(881, '2016-05-30', 1, 'LU'),
(882, '2016-05-31', 1, 'MA'),
(883, '2016-06-01', 1, 'MI'),
(884, '2016-06-02', 1, 'JU'),
(885, '2016-06-03', 1, 'VI'),
(886, '2016-06-04', 1, 'SA'),
(887, '2016-06-05', 0, 'DO'),
(888, '2016-06-06', 1, 'LU'),
(889, '2016-06-07', 1, 'MA'),
(890, '2016-06-08', 1, 'MI'),
(891, '2016-06-09', 1, 'JU'),
(892, '2016-06-10', 1, 'VI'),
(893, '2016-06-11', 1, 'SA'),
(894, '2016-06-12', 0, 'DO'),
(895, '2016-06-13', 1, 'LU'),
(896, '2016-06-14', 1, 'MA'),
(897, '2016-06-15', 1, 'MI'),
(898, '2016-06-16', 1, 'JU'),
(899, '2016-06-17', 1, 'VI'),
(900, '2016-06-18', 1, 'SA'),
(901, '2016-06-19', 0, 'DO'),
(902, '2016-06-20', 1, 'LU'),
(903, '2016-06-21', 1, 'MA'),
(904, '2016-06-22', 1, 'MI'),
(905, '2016-06-23', 1, 'JU'),
(906, '2016-06-24', 1, 'VI'),
(907, '2016-06-25', 1, 'SA'),
(908, '2016-06-26', 0, 'DO'),
(909, '2016-06-27', 1, 'LU'),
(910, '2016-06-28', 1, 'MA'),
(911, '2016-06-29', 0, 'MI'),
(912, '2016-06-30', 1, 'JU'),
(913, '2016-07-01', 1, 'VI'),
(914, '2016-07-02', 1, 'SA'),
(915, '2016-07-03', 0, 'DO'),
(916, '2016-07-04', 1, 'LU'),
(917, '2016-07-05', 1, 'MA'),
(918, '2016-07-06', 1, 'MI'),
(919, '2016-07-07', 1, 'JU'),
(920, '2016-07-08', 1, 'VI'),
(921, '2016-07-09', 1, 'SA'),
(922, '2016-07-10', 0, 'DO'),
(923, '2016-07-11', 1, 'LU'),
(924, '2016-07-12', 1, 'MA'),
(925, '2016-07-13', 1, 'MI'),
(926, '2016-07-14', 1, 'JU'),
(927, '2016-07-15', 1, 'VI'),
(928, '2016-07-16', 0, 'SA'),
(929, '2016-07-17', 0, 'DO'),
(930, '2016-07-18', 1, 'LU'),
(931, '2016-07-19', 1, 'MA'),
(932, '2016-07-20', 1, 'MI'),
(933, '2016-07-21', 1, 'JU'),
(934, '2016-07-22', 1, 'VI'),
(935, '2016-07-23', 1, 'SA'),
(936, '2016-07-24', 0, 'DO'),
(937, '2016-07-25', 1, 'LU'),
(938, '2016-07-26', 1, 'MA'),
(939, '2016-07-27', 1, 'MI'),
(940, '2016-07-28', 1, 'JU'),
(941, '2016-07-29', 1, 'VI'),
(942, '2016-07-30', 1, 'SA'),
(943, '2016-07-31', 0, 'DO'),
(944, '2016-08-01', 1, 'LU'),
(945, '2016-08-02', 1, 'MA'),
(946, '2016-08-03', 1, 'MI'),
(947, '2016-08-04', 1, 'JU'),
(948, '2016-08-05', 1, 'VI'),
(949, '2016-08-06', 1, 'SA'),
(950, '2016-08-07', 0, 'DO'),
(951, '2016-08-08', 1, 'LU'),
(952, '2016-08-09', 1, 'MA'),
(953, '2016-08-10', 1, 'MI'),
(954, '2016-08-11', 1, 'JU'),
(955, '2016-08-12', 1, 'VI'),
(956, '2016-08-13', 1, 'SA'),
(957, '2016-08-14', 0, 'DO'),
(958, '2016-08-15', 0, 'LU'),
(959, '2016-08-16', 1, 'MA'),
(960, '2016-08-17', 1, 'MI'),
(961, '2016-08-18', 1, 'JU'),
(962, '2016-08-19', 1, 'VI'),
(963, '2016-08-20', 1, 'SA'),
(964, '2016-08-21', 0, 'DO'),
(965, '2016-08-22', 1, 'LU'),
(966, '2016-08-23', 1, 'MA'),
(967, '2016-08-24', 1, 'MI'),
(968, '2016-08-25', 1, 'JU'),
(969, '2016-08-26', 1, 'VI'),
(970, '2016-08-27', 1, 'SA'),
(971, '2016-08-28', 0, 'DO'),
(972, '2016-08-29', 1, 'LU'),
(973, '2016-08-30', 1, 'MA'),
(974, '2016-08-31', 1, 'MI'),
(975, '2016-09-01', 1, 'JU'),
(976, '2016-09-02', 1, 'VI'),
(977, '2016-09-03', 1, 'SA'),
(978, '2016-09-04', 0, 'DO'),
(979, '2016-09-05', 1, 'LU'),
(980, '2016-09-06', 1, 'MA'),
(981, '2016-09-07', 1, 'MI'),
(982, '2016-09-08', 1, 'JU'),
(983, '2016-09-09', 1, 'VI'),
(984, '2016-09-10', 1, 'SA'),
(985, '2016-09-11', 0, 'DO'),
(986, '2016-09-12', 1, 'LU'),
(987, '2016-09-13', 1, 'MA'),
(988, '2016-09-14', 1, 'MI'),
(989, '2016-09-15', 1, 'JU'),
(990, '2016-09-16', 1, 'VI'),
(991, '2016-09-17', 1, 'SA'),
(992, '2016-09-18', 0, 'DO'),
(993, '2016-09-19', 0, 'LU'),
(994, '2016-09-20', 1, 'MA'),
(995, '2016-09-21', 1, 'MI'),
(996, '2016-09-22', 1, 'JU'),
(997, '2016-09-23', 1, 'VI'),
(998, '2016-09-24', 1, 'SA'),
(999, '2016-09-25', 0, 'DO'),
(1000, '2016-09-26', 1, 'LU'),
(1001, '2016-09-27', 1, 'MA'),
(1002, '2016-09-28', 1, 'MI'),
(1003, '2016-09-29', 1, 'JU'),
(1004, '2016-09-30', 1, 'VI'),
(1005, '2016-10-01', 1, 'SA'),
(1006, '2016-10-02', 0, 'DO'),
(1007, '2016-10-03', 1, 'LU'),
(1008, '2016-10-04', 1, 'MA'),
(1009, '2016-10-05', 1, 'MI'),
(1010, '2016-10-06', 1, 'JU'),
(1011, '2016-10-07', 1, 'VI'),
(1012, '2016-10-08', 1, 'SA'),
(1013, '2016-10-09', 0, 'DO'),
(1014, '2016-10-10', 1, 'LU'),
(1015, '2016-10-11', 1, 'MA'),
(1016, '2016-10-12', 0, 'MI'),
(1017, '2016-10-13', 1, 'JU'),
(1018, '2016-10-14', 1, 'VI'),
(1019, '2016-10-15', 1, 'SA'),
(1020, '2016-10-16', 0, 'DO'),
(1021, '2016-10-17', 1, 'LU'),
(1022, '2016-10-18', 1, 'MA'),
(1023, '2016-10-19', 1, 'MI'),
(1024, '2016-10-20', 1, 'JU'),
(1025, '2016-10-21', 1, 'VI'),
(1026, '2016-10-22', 1, 'SA'),
(1027, '2016-10-23', 0, 'DO'),
(1028, '2016-10-24', 1, 'LU'),
(1029, '2016-10-25', 1, 'MA'),
(1030, '2016-10-26', 1, 'MI'),
(1031, '2016-10-27', 1, 'JU'),
(1032, '2016-10-28', 1, 'VI'),
(1033, '2016-10-29', 1, 'SA'),
(1034, '2016-10-30', 0, 'DO'),
(1035, '2016-10-31', 0, 'LU'),
(1036, '2016-11-01', 0, 'MA'),
(1037, '2016-11-02', 1, 'MI'),
(1038, '2016-11-03', 1, 'JU'),
(1039, '2016-11-04', 1, 'VI'),
(1040, '2016-11-05', 1, 'SA'),
(1041, '2016-11-06', 0, 'DO'),
(1042, '2016-11-07', 1, 'LU'),
(1043, '2016-11-08', 1, 'MA'),
(1044, '2016-11-09', 1, 'MI'),
(1045, '2016-11-10', 1, 'JU'),
(1046, '2016-11-11', 1, 'VI'),
(1047, '2016-11-12', 1, 'SA'),
(1048, '2016-11-13', 0, 'DO'),
(1049, '2016-11-14', 1, 'LU'),
(1050, '2016-11-15', 1, 'MA'),
(1051, '2016-11-16', 1, 'MI'),
(1052, '2016-11-17', 1, 'JU'),
(1053, '2016-11-18', 1, 'VI'),
(1054, '2016-11-19', 1, 'SA'),
(1055, '2016-11-20', 0, 'DO'),
(1056, '2016-11-21', 1, 'LU'),
(1057, '2016-11-22', 1, 'MA'),
(1058, '2016-11-23', 1, 'MI'),
(1059, '2016-11-24', 1, 'JU'),
(1060, '2016-11-25', 1, 'VI'),
(1061, '2016-11-26', 1, 'SA'),
(1062, '2016-11-27', 0, 'DO'),
(1063, '2016-11-28', 1, 'LU'),
(1064, '2016-11-29', 1, 'MA'),
(1065, '2016-11-30', 1, 'MI'),
(1066, '2016-12-01', 1, 'JU'),
(1067, '2016-12-02', 1, 'VI'),
(1068, '2016-12-03', 1, 'SA'),
(1069, '2016-12-04', 0, 'DO'),
(1070, '2016-12-05', 1, 'LU'),
(1071, '2016-12-06', 1, 'MA'),
(1072, '2016-12-07', 1, 'MI'),
(1073, '2016-12-08', 0, 'JU'),
(1074, '2016-12-09', 1, 'VI'),
(1075, '2016-12-10', 1, 'SA'),
(1076, '2016-12-11', 0, 'DO'),
(1077, '2016-12-12', 1, 'LU'),
(1078, '2016-12-13', 1, 'MA'),
(1079, '2016-12-14', 1, 'MI'),
(1080, '2016-12-15', 1, 'JU'),
(1081, '2016-12-16', 1, 'VI'),
(1082, '2016-12-17', 1, 'SA'),
(1083, '2016-12-18', 0, 'DO'),
(1084, '2016-12-19', 1, 'LU'),
(1085, '2016-12-20', 1, 'MA'),
(1086, '2016-12-21', 1, 'MI'),
(1087, '2016-12-22', 1, 'JU'),
(1088, '2016-12-23', 1, 'VI'),
(1089, '2016-12-24', 1, 'SA'),
(1090, '2016-12-25', 0, 'DO'),
(1091, '2016-12-26', 1, 'LU'),
(1092, '2016-12-27', 1, 'MA'),
(1093, '2016-12-28', 1, 'MI'),
(1094, '2016-12-29', 1, 'JU'),
(1095, '2016-12-30', 1, 'VI'),
(1096, '2016-12-31', 1, 'SA'),
(1097, '2017-01-01', 0, 'DO'),
(1098, '2017-01-02', 1, 'LU'),
(1099, '2017-01-03', 1, 'MA'),
(1100, '2017-01-04', 1, 'MI'),
(1101, '2017-01-05', 1, 'JU'),
(1102, '2017-01-06', 1, 'VI'),
(1103, '2017-01-07', 1, 'SA'),
(1104, '2017-01-08', 0, 'DO'),
(1105, '2017-01-09', 1, 'LU'),
(1106, '2017-01-10', 1, 'MA'),
(1107, '2017-01-11', 1, 'MI'),
(1108, '2017-01-12', 1, 'JU'),
(1109, '2017-01-13', 1, 'VI'),
(1110, '2017-01-14', 1, 'SA'),
(1111, '2017-01-15', 0, 'DO'),
(1112, '2017-01-16', 1, 'LU'),
(1113, '2017-01-17', 1, 'MA'),
(1114, '2017-01-18', 1, 'MI'),
(1115, '2017-01-19', 1, 'JU'),
(1116, '2017-01-20', 1, 'VI'),
(1117, '2017-01-21', 1, 'SA'),
(1118, '2017-01-22', 0, 'DO'),
(1119, '2017-01-23', 1, 'LU'),
(1120, '2017-01-24', 1, 'MA'),
(1121, '2017-01-25', 1, 'MI'),
(1122, '2017-01-26', 1, 'JU'),
(1123, '2017-01-27', 1, 'VI'),
(1124, '2017-01-28', 1, 'SA'),
(1125, '2017-01-29', 0, 'DO'),
(1126, '2017-01-30', 1, 'LU'),
(1127, '2017-01-31', 1, 'MA'),
(1128, '2017-02-01', 1, 'MI'),
(1129, '2017-02-02', 1, 'JU'),
(1130, '2017-02-03', 1, 'VI'),
(1131, '2017-02-04', 1, 'SA'),
(1132, '2017-02-05', 0, 'DO'),
(1133, '2017-02-06', 1, 'LU'),
(1134, '2017-02-07', 1, 'MA'),
(1135, '2017-02-08', 1, 'MI'),
(1136, '2017-02-09', 1, 'JU'),
(1137, '2017-02-10', 1, 'VI'),
(1138, '2017-02-11', 1, 'SA'),
(1139, '2017-02-12', 0, 'DO'),
(1140, '2017-02-13', 1, 'LU'),
(1141, '2017-02-14', 1, 'MA'),
(1142, '2017-02-15', 1, 'MI'),
(1143, '2017-02-16', 1, 'JU'),
(1144, '2017-02-17', 1, 'VI'),
(1145, '2017-02-18', 1, 'SA'),
(1146, '2017-02-19', 0, 'DO'),
(1147, '2017-02-20', 1, 'LU'),
(1148, '2017-02-21', 1, 'MA'),
(1149, '2017-02-22', 1, 'MI'),
(1150, '2017-02-23', 1, 'JU'),
(1151, '2017-02-24', 1, 'VI'),
(1152, '2017-02-25', 1, 'SA'),
(1153, '2017-02-26', 0, 'DO'),
(1154, '2017-02-27', 1, 'LU'),
(1155, '2017-02-28', 1, 'MA'),
(1156, '2017-03-01', 1, 'MI'),
(1157, '2017-03-02', 1, 'JU'),
(1158, '2017-03-03', 1, 'VI'),
(1159, '2017-03-04', 1, 'SA'),
(1160, '2017-03-05', 0, 'DO'),
(1161, '2017-03-06', 1, 'LU'),
(1162, '2017-03-07', 1, 'MA'),
(1163, '2017-03-08', 1, 'MI'),
(1164, '2017-03-09', 1, 'JU'),
(1165, '2017-03-10', 1, 'VI'),
(1166, '2017-03-11', 1, 'SA'),
(1167, '2017-03-12', 0, 'DO'),
(1168, '2017-03-13', 1, 'LU'),
(1169, '2017-03-14', 1, 'MA'),
(1170, '2017-03-15', 1, 'MI'),
(1171, '2017-03-16', 1, 'JU'),
(1172, '2017-03-17', 1, 'VI'),
(1173, '2017-03-18', 1, 'SA'),
(1174, '2017-03-19', 0, 'DO'),
(1175, '2017-03-20', 1, 'LU'),
(1176, '2017-03-21', 1, 'MA'),
(1177, '2017-03-22', 1, 'MI'),
(1178, '2017-03-23', 1, 'JU'),
(1179, '2017-03-24', 1, 'VI'),
(1180, '2017-03-25', 1, 'SA'),
(1181, '2017-03-26', 0, 'DO'),
(1182, '2017-03-27', 1, 'LU'),
(1183, '2017-03-28', 1, 'MA'),
(1184, '2017-03-29', 1, 'MI'),
(1185, '2017-03-30', 1, 'JU'),
(1186, '2017-03-31', 1, 'VI'),
(1187, '2017-04-01', 1, 'SA'),
(1188, '2017-04-02', 0, 'DO'),
(1189, '2017-04-03', 1, 'LU'),
(1190, '2017-04-04', 1, 'MA'),
(1191, '2017-04-05', 1, 'MI'),
(1192, '2017-04-06', 1, 'JU'),
(1193, '2017-04-07', 1, 'VI'),
(1194, '2017-04-08', 1, 'SA'),
(1195, '2017-04-09', 0, 'DO'),
(1196, '2017-04-10', 1, 'LU'),
(1197, '2017-04-11', 1, 'MA'),
(1198, '2017-04-12', 1, 'MI'),
(1199, '2017-04-13', 1, 'JU'),
(1200, '2017-04-14', 1, 'VI'),
(1201, '2017-04-15', 1, 'SA'),
(1202, '2017-04-16', 0, 'DO'),
(1203, '2017-04-17', 1, 'LU'),
(1204, '2017-04-18', 1, 'MA'),
(1205, '2017-04-19', 1, 'MI'),
(1206, '2017-04-20', 1, 'JU'),
(1207, '2017-04-21', 1, 'VI'),
(1208, '2017-04-22', 1, 'SA'),
(1209, '2017-04-23', 0, 'DO'),
(1210, '2017-04-24', 1, 'LU'),
(1211, '2017-04-25', 1, 'MA'),
(1212, '2017-04-26', 1, 'MI'),
(1213, '2017-04-27', 1, 'JU'),
(1214, '2017-04-28', 1, 'VI'),
(1215, '2017-04-29', 1, 'SA'),
(1216, '2017-04-30', 0, 'DO'),
(1217, '2017-05-01', 0, 'LU'),
(1218, '2017-05-02', 1, 'MA'),
(1219, '2017-05-03', 1, 'MI'),
(1220, '2017-05-04', 1, 'JU'),
(1221, '2017-05-05', 1, 'VI'),
(1222, '2017-05-06', 1, 'SA'),
(1223, '2017-05-07', 0, 'DO'),
(1224, '2017-05-08', 1, 'LU'),
(1225, '2017-05-09', 1, 'MA'),
(1226, '2017-05-10', 1, 'MI'),
(1227, '2017-05-11', 1, 'JU'),
(1228, '2017-05-12', 1, 'VI'),
(1229, '2017-05-13', 1, 'SA'),
(1230, '2017-05-14', 0, 'DO'),
(1231, '2017-05-15', 1, 'LU'),
(1232, '2017-05-16', 1, 'MA'),
(1233, '2017-05-17', 1, 'MI'),
(1234, '2017-05-18', 1, 'JU'),
(1235, '2017-05-19', 1, 'VI'),
(1236, '2017-05-20', 1, 'SA'),
(1237, '2017-05-21', 0, 'DO'),
(1238, '2017-05-22', 1, 'LU'),
(1239, '2017-05-23', 1, 'MA'),
(1240, '2017-05-24', 1, 'MI'),
(1241, '2017-05-25', 1, 'JU'),
(1242, '2017-05-26', 1, 'VI'),
(1243, '2017-05-27', 1, 'SA'),
(1244, '2017-05-28', 0, 'DO'),
(1245, '2017-05-29', 1, 'LU'),
(1246, '2017-05-30', 1, 'MA'),
(1247, '2017-05-31', 1, 'MI'),
(1248, '2017-06-01', 1, 'JU'),
(1249, '2017-06-02', 1, 'VI'),
(1250, '2017-06-03', 1, 'SA'),
(1251, '2017-06-04', 0, 'DO'),
(1252, '2017-06-05', 1, 'LU'),
(1253, '2017-06-06', 1, 'MA'),
(1254, '2017-06-07', 1, 'MI'),
(1255, '2017-06-08', 1, 'JU'),
(1256, '2017-06-09', 1, 'VI'),
(1257, '2017-06-10', 1, 'SA'),
(1258, '2017-06-11', 0, 'DO'),
(1259, '2017-06-12', 1, 'LU'),
(1260, '2017-06-13', 1, 'MA'),
(1261, '2017-06-14', 1, 'MI'),
(1262, '2017-06-15', 1, 'JU'),
(1263, '2017-06-16', 1, 'VI'),
(1264, '2017-06-17', 1, 'SA'),
(1265, '2017-06-18', 0, 'DO'),
(1266, '2017-06-19', 1, 'LU'),
(1267, '2017-06-20', 1, 'MA'),
(1268, '2017-06-21', 1, 'MI'),
(1269, '2017-06-22', 1, 'JU'),
(1270, '2017-06-23', 1, 'VI'),
(1271, '2017-06-24', 1, 'SA'),
(1272, '2017-06-25', 0, 'DO'),
(1273, '2017-06-26', 1, 'LU'),
(1274, '2017-06-27', 1, 'MA'),
(1275, '2017-06-28', 1, 'MI'),
(1276, '2017-06-29', 0, 'JU'),
(1277, '2017-06-30', 1, 'VI'),
(1278, '2017-07-01', 1, 'SA'),
(1279, '2017-07-02', 0, 'DO'),
(1280, '2017-07-03', 1, 'LU'),
(1281, '2017-07-04', 1, 'MA'),
(1282, '2017-07-05', 1, 'MI'),
(1283, '2017-07-06', 1, 'JU'),
(1284, '2017-07-07', 1, 'VI'),
(1285, '2017-07-08', 1, 'SA'),
(1286, '2017-07-09', 0, 'DO'),
(1287, '2017-07-10', 1, 'LU'),
(1288, '2017-07-11', 1, 'MA'),
(1289, '2017-07-12', 1, 'MI'),
(1290, '2017-07-13', 1, 'JU'),
(1291, '2017-07-14', 1, 'VI'),
(1292, '2017-07-15', 1, 'SA'),
(1293, '2017-07-16', 0, 'DO'),
(1294, '2017-07-17', 1, 'LU'),
(1295, '2017-07-18', 1, 'MA'),
(1296, '2017-07-19', 1, 'MI'),
(1297, '2017-07-20', 1, 'JU'),
(1298, '2017-07-21', 1, 'VI'),
(1299, '2017-07-22', 1, 'SA'),
(1300, '2017-07-23', 0, 'DO'),
(1301, '2017-07-24', 1, 'LU'),
(1302, '2017-07-25', 1, 'MA'),
(1303, '2017-07-26', 1, 'MI'),
(1304, '2017-07-27', 1, 'JU'),
(1305, '2017-07-28', 1, 'VI'),
(1306, '2017-07-29', 1, 'SA'),
(1307, '2017-07-30', 0, 'DO'),
(1308, '2017-07-31', 1, 'LU'),
(1309, '2017-08-01', 1, 'MA'),
(1310, '2017-08-02', 1, 'MI'),
(1311, '2017-08-03', 1, 'JU'),
(1312, '2017-08-04', 1, 'VI'),
(1313, '2017-08-05', 1, 'SA'),
(1314, '2017-08-06', 0, 'DO'),
(1315, '2017-08-07', 1, 'LU'),
(1316, '2017-08-08', 1, 'MA'),
(1317, '2017-08-09', 1, 'MI'),
(1318, '2017-08-10', 1, 'JU'),
(1319, '2017-08-11', 1, 'VI'),
(1320, '2017-08-12', 1, 'SA'),
(1321, '2017-08-13', 0, 'DO'),
(1322, '2017-08-14', 1, 'LU'),
(1323, '2017-08-15', 0, 'MA'),
(1324, '2017-08-16', 1, 'MI'),
(1325, '2017-08-17', 1, 'JU'),
(1326, '2017-08-18', 1, 'VI'),
(1327, '2017-08-19', 1, 'SA'),
(1328, '2017-08-20', 0, 'DO'),
(1329, '2017-08-21', 1, 'LU'),
(1330, '2017-08-22', 1, 'MA'),
(1331, '2017-08-23', 1, 'MI'),
(1332, '2017-08-24', 1, 'JU'),
(1333, '2017-08-25', 1, 'VI'),
(1334, '2017-08-26', 1, 'SA'),
(1335, '2017-08-27', 0, 'DO'),
(1336, '2017-08-28', 1, 'LU'),
(1337, '2017-08-29', 1, 'MA'),
(1338, '2017-08-30', 1, 'MI'),
(1339, '2017-08-31', 1, 'JU'),
(1340, '2017-09-01', 1, 'VI'),
(1341, '2017-09-02', 1, 'SA'),
(1342, '2017-09-03', 0, 'DO'),
(1343, '2017-09-04', 1, 'LU'),
(1344, '2017-09-05', 1, 'MA'),
(1345, '2017-09-06', 1, 'MI'),
(1346, '2017-09-07', 1, 'JU'),
(1347, '2017-09-08', 1, 'VI'),
(1348, '2017-09-09', 1, 'SA'),
(1349, '2017-09-10', 0, 'DO'),
(1350, '2017-09-11', 1, 'LU'),
(1351, '2017-09-12', 1, 'MA'),
(1352, '2017-09-13', 1, 'MI'),
(1353, '2017-09-14', 1, 'JU'),
(1354, '2017-09-15', 1, 'VI'),
(1355, '2017-09-16', 1, 'SA'),
(1356, '2017-09-17', 0, 'DO'),
(1357, '2017-09-18', 0, 'LU'),
(1358, '2017-09-19', 0, 'MA'),
(1359, '2017-09-20', 1, 'MI'),
(1360, '2017-09-21', 1, 'JU'),
(1361, '2017-09-22', 1, 'VI'),
(1362, '2017-09-23', 1, 'SA'),
(1363, '2017-09-24', 0, 'DO'),
(1364, '2017-09-25', 1, 'LU'),
(1365, '2017-09-26', 1, 'MA'),
(1366, '2017-09-27', 1, 'MI'),
(1367, '2017-09-28', 1, 'JU'),
(1368, '2017-09-29', 1, 'VI'),
(1369, '2017-09-30', 1, 'SA'),
(1370, '2017-10-01', 0, 'DO'),
(1371, '2017-10-02', 1, 'LU'),
(1372, '2017-10-03', 1, 'MA'),
(1373, '2017-10-04', 1, 'MI'),
(1374, '2017-10-05', 1, 'JU'),
(1375, '2017-10-06', 1, 'VI'),
(1376, '2017-10-07', 1, 'SA'),
(1377, '2017-10-08', 0, 'DO'),
(1378, '2017-10-09', 1, 'LU'),
(1379, '2017-10-10', 1, 'MA'),
(1380, '2017-10-11', 1, 'MI'),
(1381, '2017-10-12', 0, 'JU'),
(1382, '2017-10-13', 1, 'VI'),
(1383, '2017-10-14', 1, 'SA'),
(1384, '2017-10-15', 0, 'DO'),
(1385, '2017-10-16', 1, 'LU'),
(1386, '2017-10-17', 1, 'MA'),
(1387, '2017-10-18', 1, 'MI'),
(1388, '2017-10-19', 1, 'JU'),
(1389, '2017-10-20', 1, 'VI'),
(1390, '2017-10-21', 1, 'SA'),
(1391, '2017-10-22', 0, 'DO'),
(1392, '2017-10-23', 1, 'LU'),
(1393, '2017-10-24', 1, 'MA'),
(1394, '2017-10-25', 1, 'MI'),
(1395, '2017-10-26', 1, 'JU'),
(1396, '2017-10-27', 1, 'VI'),
(1397, '2017-10-28', 1, 'SA'),
(1398, '2017-10-29', 0, 'DO'),
(1399, '2017-10-30', 1, 'LU'),
(1400, '2017-10-31', 0, 'MA'),
(1401, '2017-11-01', 0, 'MI'),
(1402, '2017-11-02', 1, 'JU'),
(1403, '2017-11-03', 1, 'VI'),
(1404, '2017-11-04', 1, 'SA'),
(1405, '2017-11-05', 0, 'DO'),
(1406, '2017-11-06', 1, 'LU'),
(1407, '2017-11-07', 1, 'MA'),
(1408, '2017-11-08', 1, 'MI'),
(1409, '2017-11-09', 1, 'JU'),
(1410, '2017-11-10', 1, 'VI'),
(1411, '2017-11-11', 1, 'SA'),
(1412, '2017-11-12', 0, 'DO'),
(1413, '2017-11-13', 1, 'LU'),
(1414, '2017-11-14', 1, 'MA'),
(1415, '2017-11-15', 1, 'MI'),
(1416, '2017-11-16', 1, 'JU'),
(1417, '2017-11-17', 1, 'VI'),
(1418, '2017-11-18', 1, 'SA'),
(1419, '2017-11-19', 0, 'DO'),
(1420, '2017-11-20', 1, 'LU'),
(1421, '2017-11-21', 1, 'MA'),
(1422, '2017-11-22', 1, 'MI'),
(1423, '2017-11-23', 1, 'JU'),
(1424, '2017-11-24', 1, 'VI'),
(1425, '2017-11-25', 1, 'SA'),
(1426, '2017-11-26', 0, 'DO'),
(1427, '2017-11-27', 1, 'LU'),
(1428, '2017-11-28', 1, 'MA'),
(1429, '2017-11-29', 1, 'MI'),
(1430, '2017-11-30', 1, 'JU'),
(1431, '2017-12-01', 1, 'VI'),
(1432, '2017-12-02', 1, 'SA'),
(1433, '2017-12-03', 0, 'DO'),
(1434, '2017-12-04', 1, 'LU'),
(1435, '2017-12-05', 1, 'MA'),
(1436, '2017-12-06', 1, 'MI'),
(1437, '2017-12-07', 1, 'JU'),
(1438, '2017-12-08', 0, 'VI'),
(1439, '2017-12-09', 1, 'SA'),
(1440, '2017-12-10', 0, 'DO'),
(1441, '2017-12-11', 1, 'LU'),
(1442, '2017-12-12', 1, 'MA'),
(1443, '2017-12-13', 1, 'MI'),
(1444, '2017-12-14', 1, 'JU'),
(1445, '2017-12-15', 1, 'VI'),
(1446, '2017-12-16', 1, 'SA'),
(1447, '2017-12-17', 0, 'DO'),
(1448, '2017-12-18', 1, 'LU'),
(1449, '2017-12-19', 1, 'MA'),
(1450, '2017-12-20', 1, 'MI'),
(1451, '2017-12-21', 1, 'JU'),
(1452, '2017-12-22', 1, 'VI'),
(1453, '2017-12-23', 1, 'SA'),
(1454, '2017-12-24', 0, 'DO'),
(1455, '2017-12-25', 0, 'LU'),
(1456, '2017-12-26', 1, 'MA'),
(1457, '2017-12-27', 1, 'MI'),
(1458, '2017-12-28', 1, 'JU'),
(1459, '2017-12-29', 1, 'VI'),
(1460, '2017-12-30', 1, 'SA'),
(1461, '2017-12-31', 0, 'DO'),
(1462, '2018-01-01', 0, 'LU'),
(1463, '2018-01-02', 1, 'MA'),
(1464, '2018-01-03', 1, 'MI'),
(1465, '2018-01-04', 1, 'JU'),
(1466, '2018-01-05', 1, 'VI'),
(1467, '2018-01-06', 1, 'SA'),
(1468, '2018-01-07', 0, 'DO'),
(1469, '2018-01-08', 1, 'LU'),
(1470, '2018-01-09', 1, 'MA'),
(1471, '2018-01-10', 1, 'MI'),
(1472, '2018-01-11', 1, 'JU'),
(1473, '2018-01-12', 1, 'VI'),
(1474, '2018-01-13', 1, 'SA'),
(1475, '2018-01-14', 0, 'DO'),
(1476, '2018-01-15', 1, 'LU'),
(1477, '2018-01-16', 1, 'MA'),
(1478, '2018-01-17', 1, 'MI'),
(1479, '2018-01-18', 1, 'JU'),
(1480, '2018-01-19', 1, 'VI'),
(1481, '2018-01-20', 1, 'SA'),
(1482, '2018-01-21', 0, 'DO'),
(1483, '2018-01-22', 1, 'LU'),
(1484, '2018-01-23', 1, 'MA'),
(1485, '2018-01-24', 1, 'MI'),
(1486, '2018-01-25', 1, 'JU'),
(1487, '2018-01-26', 1, 'VI'),
(1488, '2018-01-27', 1, 'SA'),
(1489, '2018-01-28', 0, 'DO'),
(1490, '2018-01-29', 1, 'LU'),
(1491, '2018-01-30', 1, 'MA'),
(1492, '2018-01-31', 1, 'MI'),
(1493, '2018-02-01', 1, 'JU'),
(1494, '2018-02-02', 1, 'VI'),
(1495, '2018-02-03', 1, 'SA'),
(1496, '2018-02-04', 0, 'DO'),
(1497, '2018-02-05', 1, 'LU'),
(1498, '2018-02-06', 1, 'MA'),
(1499, '2018-02-07', 1, 'MI'),
(1500, '2018-02-08', 1, 'JU'),
(1501, '2018-02-09', 1, 'VI'),
(1502, '2018-02-10', 1, 'SA'),
(1503, '2018-02-11', 0, 'DO'),
(1504, '2018-02-12', 1, 'LU'),
(1505, '2018-02-13', 1, 'MA'),
(1506, '2018-02-14', 1, 'MI'),
(1507, '2018-02-15', 1, 'JU'),
(1508, '2018-02-16', 1, 'VI'),
(1509, '2018-02-17', 1, 'SA'),
(1510, '2018-02-18', 0, 'DO'),
(1511, '2018-02-19', 1, 'LU'),
(1512, '2018-02-20', 1, 'MA'),
(1513, '2018-02-21', 1, 'MI'),
(1514, '2018-02-22', 1, 'JU'),
(1515, '2018-02-23', 1, 'VI'),
(1516, '2018-02-24', 1, 'SA'),
(1517, '2018-02-25', 0, 'DO'),
(1518, '2018-02-26', 1, 'LU'),
(1519, '2018-02-27', 1, 'MA'),
(1520, '2018-02-28', 1, 'MI'),
(1521, '2018-03-01', 1, 'JU'),
(1522, '2018-03-02', 1, 'VI'),
(1523, '2018-03-03', 1, 'SA'),
(1524, '2018-03-04', 0, 'DO'),
(1525, '2018-03-05', 1, 'LU'),
(1526, '2018-03-06', 1, 'MA'),
(1527, '2018-03-07', 1, 'MI'),
(1528, '2018-03-08', 1, 'JU'),
(1529, '2018-03-09', 1, 'VI'),
(1530, '2018-03-10', 1, 'SA'),
(1531, '2018-03-11', 0, 'DO'),
(1532, '2018-03-12', 1, 'LU'),
(1533, '2018-03-13', 1, 'MA'),
(1534, '2018-03-14', 1, 'MI'),
(1535, '2018-03-15', 1, 'JU'),
(1536, '2018-03-16', 1, 'VI'),
(1537, '2018-03-17', 1, 'SA'),
(1538, '2018-03-18', 0, 'DO'),
(1539, '2018-03-19', 1, 'LU'),
(1540, '2018-03-20', 1, 'MA'),
(1541, '2018-03-21', 1, 'MI'),
(1542, '2018-03-22', 1, 'JU'),
(1543, '2018-03-23', 1, 'VI'),
(1544, '2018-03-24', 1, 'SA'),
(1545, '2018-03-25', 0, 'DO'),
(1546, '2018-03-26', 1, 'LU'),
(1547, '2018-03-27', 1, 'MA'),
(1548, '2018-03-28', 1, 'MI'),
(1549, '2018-03-29', 1, 'JU'),
(1550, '2018-03-30', 1, 'VI'),
(1551, '2018-03-31', 1, 'SA'),
(1552, '2018-04-01', 0, 'DO'),
(1553, '2018-04-02', 1, 'LU'),
(1554, '2018-04-03', 1, 'MA'),
(1555, '2018-04-04', 1, 'MI'),
(1556, '2018-04-05', 1, 'JU'),
(1557, '2018-04-06', 1, 'VI'),
(1558, '2018-04-07', 1, 'SA'),
(1559, '2018-04-08', 0, 'DO'),
(1560, '2018-04-09', 1, 'LU'),
(1561, '2018-04-10', 1, 'MA'),
(1562, '2018-04-11', 1, 'MI'),
(1563, '2018-04-12', 1, 'JU'),
(1564, '2018-04-13', 1, 'VI'),
(1565, '2018-04-14', 1, 'SA'),
(1566, '2018-04-15', 0, 'DO'),
(1567, '2018-04-16', 1, 'LU'),
(1568, '2018-04-17', 1, 'MA'),
(1569, '2018-04-18', 1, 'MI'),
(1570, '2018-04-19', 1, 'JU'),
(1571, '2018-04-20', 1, 'VI'),
(1572, '2018-04-21', 1, 'SA'),
(1573, '2018-04-22', 0, 'DO'),
(1574, '2018-04-23', 1, 'LU'),
(1575, '2018-04-24', 1, 'MA'),
(1576, '2018-04-25', 1, 'MI'),
(1577, '2018-04-26', 1, 'JU'),
(1578, '2018-04-27', 1, 'VI'),
(1579, '2018-04-28', 1, 'SA'),
(1580, '2018-04-29', 0, 'DO'),
(1581, '2018-04-30', 1, 'LU'),
(1582, '2018-05-01', 0, 'MA'),
(1583, '2018-05-02', 1, 'MI'),
(1584, '2018-05-03', 1, 'JU'),
(1585, '2018-05-04', 1, 'VI'),
(1586, '2018-05-05', 1, 'SA'),
(1587, '2018-05-06', 0, 'DO'),
(1588, '2018-05-07', 1, 'LU'),
(1589, '2018-05-08', 1, 'MA'),
(1590, '2018-05-09', 1, 'MI'),
(1591, '2018-05-10', 1, 'JU'),
(1592, '2018-05-11', 1, 'VI'),
(1593, '2018-05-12', 1, 'SA'),
(1594, '2018-05-13', 0, 'DO'),
(1595, '2018-05-14', 1, 'LU'),
(1596, '2018-05-15', 1, 'MA'),
(1597, '2018-05-16', 1, 'MI'),
(1598, '2018-05-17', 1, 'JU'),
(1599, '2018-05-18', 1, 'VI'),
(1600, '2018-05-19', 1, 'SA'),
(1601, '2018-05-20', 0, 'DO'),
(1602, '2018-05-21', 0, 'LU'),
(1603, '2018-05-22', 1, 'MA'),
(1604, '2018-05-23', 1, 'MI'),
(1605, '2018-05-24', 1, 'JU'),
(1606, '2018-05-25', 1, 'VI'),
(1607, '2018-05-26', 1, 'SA'),
(1608, '2018-05-27', 0, 'DO'),
(1609, '2018-05-28', 1, 'LU'),
(1610, '2018-05-29', 1, 'MA'),
(1611, '2018-05-30', 1, 'MI'),
(1612, '2018-05-31', 1, 'JU'),
(1613, '2018-06-01', 1, 'VI'),
(1614, '2018-06-02', 1, 'SA'),
(1615, '2018-06-03', 0, 'DO'),
(1616, '2018-06-04', 1, 'LU'),
(1617, '2018-06-05', 1, 'MA'),
(1618, '2018-06-06', 1, 'MI'),
(1619, '2018-06-07', 1, 'JU'),
(1620, '2018-06-08', 1, 'VI'),
(1621, '2018-06-09', 1, 'SA'),
(1622, '2018-06-10', 0, 'DO'),
(1623, '2018-06-11', 1, 'LU'),
(1624, '2018-06-12', 1, 'MA'),
(1625, '2018-06-13', 1, 'MI'),
(1626, '2018-06-14', 1, 'JU'),
(1627, '2018-06-15', 1, 'VI'),
(1628, '2018-06-16', 1, 'SA'),
(1629, '2018-06-17', 0, 'DO'),
(1630, '2018-06-18', 1, 'LU'),
(1631, '2018-06-19', 1, 'MA'),
(1632, '2018-06-20', 1, 'MI'),
(1633, '2018-06-21', 1, 'JU'),
(1634, '2018-06-22', 1, 'VI'),
(1635, '2018-06-23', 1, 'SA'),
(1636, '2018-06-24', 0, 'DO'),
(1637, '2018-06-25', 1, 'LU'),
(1638, '2018-06-26', 1, 'MA'),
(1639, '2018-06-27', 1, 'MI'),
(1640, '2018-06-28', 1, 'JU'),
(1641, '2018-06-29', 0, 'VI'),
(1642, '2018-06-30', 1, 'SA'),
(1643, '2018-07-01', 0, 'DO'),
(1644, '2018-07-02', 1, 'LU'),
(1645, '2018-07-03', 1, 'MA'),
(1646, '2018-07-04', 1, 'MI'),
(1647, '2018-07-05', 1, 'JU'),
(1648, '2018-07-06', 1, 'VI'),
(1649, '2018-07-07', 1, 'SA'),
(1650, '2018-07-08', 0, 'DO'),
(1651, '2018-07-09', 1, 'LU'),
(1652, '2018-07-10', 1, 'MA'),
(1653, '2018-07-11', 1, 'MI'),
(1654, '2018-07-12', 1, 'JU'),
(1655, '2018-07-13', 1, 'VI'),
(1656, '2018-07-14', 1, 'SA'),
(1657, '2018-07-15', 0, 'DO'),
(1658, '2018-07-16', 0, 'LU'),
(1659, '2018-07-17', 1, 'MA'),
(1660, '2018-07-18', 1, 'MI'),
(1661, '2018-07-19', 1, 'JU'),
(1662, '2018-07-20', 1, 'VI'),
(1663, '2018-07-21', 1, 'SA'),
(1664, '2018-07-22', 0, 'DO'),
(1665, '2018-07-23', 1, 'LU'),
(1666, '2018-07-24', 1, 'MA'),
(1667, '2018-07-25', 1, 'MI'),
(1668, '2018-07-26', 1, 'JU'),
(1669, '2018-07-27', 1, 'VI'),
(1670, '2018-07-28', 1, 'SA'),
(1671, '2018-07-29', 0, 'DO'),
(1672, '2018-07-30', 1, 'LU'),
(1673, '2018-07-31', 1, 'MA'),
(1674, '2018-08-01', 1, 'MI'),
(1675, '2018-08-02', 1, 'JU'),
(1676, '2018-08-03', 1, 'VI'),
(1677, '2018-08-04', 1, 'SA'),
(1678, '2018-08-05', 0, 'DO'),
(1679, '2018-08-06', 1, 'LU'),
(1680, '2018-08-07', 1, 'MA'),
(1681, '2018-08-08', 1, 'MI'),
(1682, '2018-08-09', 1, 'JU'),
(1683, '2018-08-10', 1, 'VI'),
(1684, '2018-08-11', 1, 'SA'),
(1685, '2018-08-12', 0, 'DO'),
(1686, '2018-08-13', 1, 'LU'),
(1687, '2018-08-14', 1, 'MA'),
(1688, '2018-08-15', 0, 'MI'),
(1689, '2018-08-16', 1, 'JU'),
(1690, '2018-08-17', 1, 'VI'),
(1691, '2018-08-18', 1, 'SA'),
(1692, '2018-08-19', 0, 'DO'),
(1693, '2018-08-20', 1, 'LU'),
(1694, '2018-08-21', 1, 'MA'),
(1695, '2018-08-22', 1, 'MI'),
(1696, '2018-08-23', 1, 'JU'),
(1697, '2018-08-24', 1, 'VI'),
(1698, '2018-08-25', 1, 'SA'),
(1699, '2018-08-26', 0, 'DO'),
(1700, '2018-08-27', 1, 'LU'),
(1701, '2018-08-28', 1, 'MA'),
(1702, '2018-08-29', 1, 'MI'),
(1703, '2018-08-30', 1, 'JU'),
(1704, '2018-08-31', 1, 'VI'),
(1705, '2018-09-01', 1, 'SA'),
(1706, '2018-09-02', 0, 'DO'),
(1707, '2018-09-03', 1, 'LU'),
(1708, '2018-09-04', 1, 'MA'),
(1709, '2018-09-05', 1, 'MI'),
(1710, '2018-09-06', 1, 'JU'),
(1711, '2018-09-07', 1, 'VI'),
(1712, '2018-09-08', 1, 'SA'),
(1713, '2018-09-09', 0, 'DO'),
(1714, '2018-09-10', 1, 'LU'),
(1715, '2018-09-11', 1, 'MA'),
(1716, '2018-09-12', 1, 'MI'),
(1717, '2018-09-13', 1, 'JU'),
(1718, '2018-09-14', 1, 'VI'),
(1719, '2018-09-15', 1, 'SA'),
(1720, '2018-09-16', 0, 'DO'),
(1721, '2018-09-17', 1, 'LU'),
(1722, '2018-09-18', 0, 'MA'),
(1723, '2018-09-19', 0, 'MI'),
(1724, '2018-09-20', 1, 'JU'),
(1725, '2018-09-21', 1, 'VI'),
(1726, '2018-09-22', 1, 'SA'),
(1727, '2018-09-23', 0, 'DO'),
(1728, '2018-09-24', 1, 'LU'),
(1729, '2018-09-25', 1, 'MA'),
(1730, '2018-09-26', 1, 'MI'),
(1731, '2018-09-27', 1, 'JU'),
(1732, '2018-09-28', 1, 'VI'),
(1733, '2018-09-29', 1, 'SA'),
(1734, '2018-09-30', 0, 'DO'),
(1735, '2018-10-01', 1, 'LU'),
(1736, '2018-10-02', 1, 'MA'),
(1737, '2018-10-03', 1, 'MI'),
(1738, '2018-10-04', 1, 'JU'),
(1739, '2018-10-05', 1, 'VI'),
(1740, '2018-10-06', 1, 'SA'),
(1741, '2018-10-07', 0, 'DO'),
(1742, '2018-10-08', 1, 'LU'),
(1743, '2018-10-09', 1, 'MA'),
(1744, '2018-10-10', 1, 'MI'),
(1745, '2018-10-11', 1, 'JU'),
(1746, '2018-10-12', 0, 'VI'),
(1747, '2018-10-13', 1, 'SA'),
(1748, '2018-10-14', 0, 'DO'),
(1749, '2018-10-15', 1, 'LU'),
(1750, '2018-10-16', 1, 'MA'),
(1751, '2018-10-17', 1, 'MI'),
(1752, '2018-10-18', 1, 'JU'),
(1753, '2018-10-19', 1, 'VI'),
(1754, '2018-10-20', 1, 'SA'),
(1755, '2018-10-21', 0, 'DO'),
(1756, '2018-10-22', 1, 'LU'),
(1757, '2018-10-23', 1, 'MA'),
(1758, '2018-10-24', 1, 'MI'),
(1759, '2018-10-25', 1, 'JU');
INSERT INTO `cal` (`ID_CAL`, `FECHA_CAL`, `DIA_TRABAJADO`, `NOMBRE_DIA`) VALUES
(1760, '2018-10-26', 1, 'VI'),
(1761, '2018-10-27', 1, 'SA'),
(1762, '2018-10-28', 0, 'DO'),
(1763, '2018-10-29', 1, 'LU'),
(1764, '2018-10-30', 1, 'MA'),
(1765, '2018-10-31', 0, 'MI'),
(1766, '2018-11-01', 0, 'JU'),
(1767, '2018-11-02', 1, 'VI'),
(1768, '2018-11-03', 1, 'SA'),
(1769, '2018-11-04', 0, 'DO'),
(1770, '2018-11-05', 1, 'LU'),
(1771, '2018-11-06', 1, 'MA'),
(1772, '2018-11-07', 1, 'MI'),
(1773, '2018-11-08', 1, 'JU'),
(1774, '2018-11-09', 1, 'VI'),
(1775, '2018-11-10', 1, 'SA'),
(1776, '2018-11-11', 0, 'DO'),
(1777, '2018-11-12', 1, 'LU'),
(1778, '2018-11-13', 1, 'MA'),
(1779, '2018-11-14', 1, 'MI'),
(1780, '2018-11-15', 1, 'JU'),
(1781, '2018-11-16', 1, 'VI'),
(1782, '2018-11-17', 1, 'SA'),
(1783, '2018-11-18', 0, 'DO'),
(1784, '2018-11-19', 1, 'LU'),
(1785, '2018-11-20', 1, 'MA'),
(1786, '2018-11-21', 1, 'MI'),
(1787, '2018-11-22', 1, 'JU'),
(1788, '2018-11-23', 1, 'VI'),
(1789, '2018-11-24', 1, 'SA'),
(1790, '2018-11-25', 0, 'DO'),
(1791, '2018-11-26', 1, 'LU'),
(1792, '2018-11-27', 1, 'MA'),
(1793, '2018-11-28', 1, 'MI'),
(1794, '2018-11-29', 1, 'JU'),
(1795, '2018-11-30', 1, 'VI'),
(1796, '2018-12-01', 1, 'SA'),
(1797, '2018-12-02', 0, 'DO'),
(1798, '2018-12-03', 1, 'LU'),
(1799, '2018-12-04', 1, 'MA'),
(1800, '2018-12-05', 1, 'MI'),
(1801, '2018-12-06', 1, 'JU'),
(1802, '2018-12-07', 1, 'VI'),
(1803, '2018-12-08', 0, 'SA'),
(1804, '2018-12-09', 0, 'DO'),
(1805, '2018-12-10', 1, 'LU'),
(1806, '2018-12-11', 1, 'MA'),
(1807, '2018-12-12', 1, 'MI'),
(1808, '2018-12-13', 1, 'JU'),
(1809, '2018-12-14', 1, 'VI'),
(1810, '2018-12-15', 1, 'SA'),
(1811, '2018-12-16', 0, 'DO'),
(1812, '2018-12-17', 1, 'LU'),
(1813, '2018-12-18', 1, 'MA'),
(1814, '2018-12-19', 1, 'MI'),
(1815, '2018-12-20', 1, 'JU'),
(1816, '2018-12-21', 1, 'VI'),
(1817, '2018-12-22', 1, 'SA'),
(1818, '2018-12-23', 0, 'DO'),
(1819, '2018-12-24', 1, 'LU'),
(1820, '2018-12-25', 0, 'MA'),
(1821, '2018-12-26', 1, 'MI'),
(1822, '2018-12-27', 1, 'JU'),
(1823, '2018-12-28', 1, 'VI'),
(1824, '2018-12-29', 1, 'SA'),
(1825, '2018-12-30', 0, 'DO'),
(1826, '2018-12-31', 1, 'LU'),
(1827, '2019-01-01', 0, 'MA'),
(1828, '2019-01-02', 1, 'MI'),
(1829, '2019-01-03', 1, 'JU'),
(1830, '2019-01-04', 1, 'VI'),
(1831, '2019-01-05', 1, 'SA'),
(1832, '2019-01-06', 0, 'DO'),
(1833, '2019-01-07', 1, 'LU'),
(1834, '2019-01-08', 1, 'MA'),
(1835, '2019-01-09', 1, 'MI'),
(1836, '2019-01-10', 1, 'JU'),
(1837, '2019-01-11', 1, 'VI'),
(1838, '2019-01-12', 1, 'SA'),
(1839, '2019-01-13', 0, 'DO'),
(1840, '2019-01-14', 1, 'LU'),
(1841, '2019-01-15', 1, 'MA'),
(1842, '2019-01-16', 1, 'MI'),
(1843, '2019-01-17', 1, 'JU'),
(1844, '2019-01-18', 1, 'VI'),
(1845, '2019-01-19', 1, 'SA'),
(1846, '2019-01-20', 0, 'DO'),
(1847, '2019-01-21', 1, 'LU'),
(1848, '2019-01-22', 1, 'MA'),
(1849, '2019-01-23', 1, 'MI'),
(1850, '2019-01-24', 1, 'JU'),
(1851, '2019-01-25', 1, 'VI'),
(1852, '2019-01-26', 1, 'SA'),
(1853, '2019-01-27', 0, 'DO'),
(1854, '2019-01-28', 1, 'LU'),
(1855, '2019-01-29', 1, 'MA'),
(1856, '2019-01-30', 1, 'MI'),
(1857, '2019-01-31', 1, 'JU'),
(1858, '2019-02-01', 1, 'VI'),
(1859, '2019-02-02', 1, 'SA'),
(1860, '2019-02-03', 0, 'DO'),
(1861, '2019-02-04', 1, 'LU'),
(1862, '2019-02-05', 1, 'MA'),
(1863, '2019-02-06', 1, 'MI'),
(1864, '2019-02-07', 1, 'JU'),
(1865, '2019-02-08', 1, 'VI'),
(1866, '2019-02-09', 1, 'SA'),
(1867, '2019-02-10', 0, 'DO'),
(1868, '2019-02-11', 1, 'LU'),
(1869, '2019-02-12', 1, 'MA'),
(1870, '2019-02-13', 1, 'MI'),
(1871, '2019-02-14', 1, 'JU'),
(1872, '2019-02-15', 1, 'VI'),
(1873, '2019-02-16', 1, 'SA'),
(1874, '2019-02-17', 0, 'DO'),
(1875, '2019-02-18', 1, 'LU'),
(1876, '2019-02-19', 1, 'MA'),
(1877, '2019-02-20', 1, 'MI'),
(1878, '2019-02-21', 1, 'JU'),
(1879, '2019-02-22', 1, 'VI'),
(1880, '2019-02-23', 1, 'SA'),
(1881, '2019-02-24', 0, 'DO'),
(1882, '2019-02-25', 1, 'LU'),
(1883, '2019-02-26', 1, 'MA'),
(1884, '2019-02-27', 1, 'MI'),
(1885, '2019-02-28', 1, 'JU'),
(1886, '2019-03-01', 1, 'VI'),
(1887, '2019-03-02', 1, 'SA'),
(1888, '2019-03-03', 0, 'DO'),
(1889, '2019-03-04', 1, 'LU'),
(1890, '2019-03-05', 1, 'MA'),
(1891, '2019-03-06', 1, 'MI'),
(1892, '2019-03-07', 1, 'JU'),
(1893, '2019-03-08', 1, 'VI'),
(1894, '2019-03-09', 1, 'SA'),
(1895, '2019-03-10', 0, 'DO'),
(1896, '2019-03-11', 1, 'LU'),
(1897, '2019-03-12', 1, 'MA'),
(1898, '2019-03-13', 1, 'MI'),
(1899, '2019-03-14', 1, 'JU'),
(1900, '2019-03-15', 1, 'VI'),
(1901, '2019-03-16', 1, 'SA'),
(1902, '2019-03-17', 0, 'DO'),
(1903, '2019-03-18', 1, 'LU'),
(1904, '2019-03-19', 1, 'MA'),
(1905, '2019-03-20', 1, 'MI'),
(1906, '2019-03-21', 1, 'JU'),
(1907, '2019-03-22', 1, 'VI'),
(1908, '2019-03-23', 1, 'SA'),
(1909, '2019-03-24', 0, 'DO'),
(1910, '2019-03-25', 1, 'LU'),
(1911, '2019-03-26', 1, 'MA'),
(1912, '2019-03-27', 1, 'MI'),
(1913, '2019-03-28', 1, 'JU'),
(1914, '2019-03-29', 1, 'VI'),
(1915, '2019-03-30', 1, 'SA'),
(1916, '2019-03-31', 0, 'DO'),
(1917, '2019-04-01', 1, 'LU'),
(1918, '2019-04-02', 1, 'MA'),
(1919, '2019-04-03', 1, 'MI'),
(1920, '2019-04-04', 1, 'JU'),
(1921, '2019-04-05', 1, 'VI'),
(1922, '2019-04-06', 1, 'SA'),
(1923, '2019-04-07', 0, 'DO'),
(1924, '2019-04-08', 1, 'LU'),
(1925, '2019-04-09', 1, 'MA'),
(1926, '2019-04-10', 1, 'MI'),
(1927, '2019-04-11', 1, 'JU'),
(1928, '2019-04-12', 1, 'VI'),
(1929, '2019-04-13', 1, 'SA'),
(1930, '2019-04-14', 0, 'DO'),
(1931, '2019-04-15', 1, 'LU'),
(1932, '2019-04-16', 1, 'MA'),
(1933, '2019-04-17', 1, 'MI'),
(1934, '2019-04-18', 1, 'JU'),
(1935, '2019-04-19', 1, 'VI'),
(1936, '2019-04-20', 1, 'SA'),
(1937, '2019-04-21', 0, 'DO'),
(1938, '2019-04-22', 1, 'LU'),
(1939, '2019-04-23', 1, 'MA'),
(1940, '2019-04-24', 1, 'MI'),
(1941, '2019-04-25', 1, 'JU'),
(1942, '2019-04-26', 1, 'VI'),
(1943, '2019-04-27', 1, 'SA'),
(1944, '2019-04-28', 0, 'DO'),
(1945, '2019-04-29', 1, 'LU'),
(1946, '2019-04-30', 1, 'MA'),
(1947, '2019-05-01', 0, 'MI'),
(1948, '2019-05-02', 1, 'JU'),
(1949, '2019-05-03', 1, 'VI'),
(1950, '2019-05-04', 1, 'SA'),
(1951, '2019-05-05', 0, 'DO'),
(1952, '2019-05-06', 1, 'LU'),
(1953, '2019-05-07', 1, 'MA'),
(1954, '2019-05-08', 1, 'MI'),
(1955, '2019-05-09', 1, 'JU'),
(1956, '2019-05-10', 1, 'VI'),
(1957, '2019-05-11', 1, 'SA'),
(1958, '2019-05-12', 0, 'DO'),
(1959, '2019-05-13', 1, 'LU'),
(1960, '2019-05-14', 1, 'MA'),
(1961, '2019-05-15', 1, 'MI'),
(1962, '2019-05-16', 1, 'JU'),
(1963, '2019-05-17', 1, 'VI'),
(1964, '2019-05-18', 1, 'SA'),
(1965, '2019-05-19', 0, 'DO'),
(1966, '2019-05-20', 1, 'LU'),
(1967, '2019-05-21', 0, 'MA'),
(1968, '2019-05-22', 1, 'MI'),
(1969, '2019-05-23', 1, 'JU'),
(1970, '2019-05-24', 1, 'VI'),
(1971, '2019-05-25', 1, 'SA'),
(1972, '2019-05-26', 0, 'DO'),
(1973, '2019-05-27', 1, 'LU'),
(1974, '2019-05-28', 1, 'MA'),
(1975, '2019-05-29', 1, 'MI'),
(1976, '2019-05-30', 1, 'JU'),
(1977, '2019-05-31', 1, 'VI'),
(1978, '2019-06-01', 1, 'SA'),
(1979, '2019-06-02', 0, 'DO'),
(1980, '2019-06-03', 1, 'LU'),
(1981, '2019-06-04', 1, 'MA'),
(1982, '2019-06-05', 1, 'MI'),
(1983, '2019-06-06', 1, 'JU'),
(1984, '2019-06-07', 1, 'VI'),
(1985, '2019-06-08', 1, 'SA'),
(1986, '2019-06-09', 0, 'DO'),
(1987, '2019-06-10', 1, 'LU'),
(1988, '2019-06-11', 1, 'MA'),
(1989, '2019-06-12', 1, 'MI'),
(1990, '2019-06-13', 1, 'JU'),
(1991, '2019-06-14', 1, 'VI'),
(1992, '2019-06-15', 1, 'SA'),
(1993, '2019-06-16', 0, 'DO'),
(1994, '2019-06-17', 1, 'LU'),
(1995, '2019-06-18', 1, 'MA'),
(1996, '2019-06-19', 1, 'MI'),
(1997, '2019-06-20', 1, 'JU'),
(1998, '2019-06-21', 1, 'VI'),
(1999, '2019-06-22', 1, 'SA'),
(2000, '2019-06-23', 0, 'DO'),
(2001, '2019-06-24', 1, 'LU'),
(2002, '2019-06-25', 1, 'MA'),
(2003, '2019-06-26', 1, 'MI'),
(2004, '2019-06-27', 1, 'JU'),
(2005, '2019-06-28', 1, 'VI'),
(2006, '2019-06-29', 0, 'SA'),
(2007, '2019-06-30', 0, 'DO'),
(2008, '2019-07-01', 1, 'LU'),
(2009, '2019-07-02', 1, 'MA'),
(2010, '2019-07-03', 1, 'MI'),
(2011, '2019-07-04', 1, 'JU'),
(2012, '2019-07-05', 1, 'VI'),
(2013, '2019-07-06', 1, 'SA'),
(2014, '2019-07-07', 0, 'DO'),
(2015, '2019-07-08', 1, 'LU'),
(2016, '2019-07-09', 1, 'MA'),
(2017, '2019-07-10', 1, 'MI'),
(2018, '2019-07-11', 1, 'JU'),
(2019, '2019-07-12', 1, 'VI'),
(2020, '2019-07-13', 1, 'SA'),
(2021, '2019-07-14', 0, 'DO'),
(2022, '2019-07-15', 1, 'LU'),
(2023, '2019-07-16', 0, 'MA'),
(2024, '2019-07-17', 1, 'MI'),
(2025, '2019-07-18', 1, 'JU'),
(2026, '2019-07-19', 1, 'VI'),
(2027, '2019-07-20', 1, 'SA'),
(2028, '2019-07-21', 0, 'DO'),
(2029, '2019-07-22', 1, 'LU'),
(2030, '2019-07-23', 1, 'MA'),
(2031, '2019-07-24', 1, 'MI'),
(2032, '2019-07-25', 1, 'JU'),
(2033, '2019-07-26', 1, 'VI'),
(2034, '2019-07-27', 1, 'SA'),
(2035, '2019-07-28', 0, 'DO'),
(2036, '2019-07-29', 1, 'LU'),
(2037, '2019-07-30', 1, 'MA'),
(2038, '2019-07-31', 1, 'MI'),
(2039, '2019-08-01', 1, 'JU'),
(2040, '2019-08-02', 1, 'VI'),
(2041, '2019-08-03', 1, 'SA'),
(2042, '2019-08-04', 0, 'DO'),
(2043, '2019-08-05', 1, 'LU'),
(2044, '2019-08-06', 1, 'MA'),
(2045, '2019-08-07', 1, 'MI'),
(2046, '2019-08-08', 1, 'JU'),
(2047, '2019-08-09', 1, 'VI'),
(2048, '2019-08-10', 1, 'SA'),
(2049, '2019-08-11', 0, 'DO'),
(2050, '2019-08-12', 1, 'LU'),
(2051, '2019-08-13', 1, 'MA'),
(2052, '2019-08-14', 1, 'MI'),
(2053, '2019-08-15', 0, 'JU'),
(2054, '2019-08-16', 1, 'VI'),
(2055, '2019-08-17', 1, 'SA'),
(2056, '2019-08-18', 0, 'DO'),
(2057, '2019-08-19', 1, 'LU'),
(2058, '2019-08-20', 1, 'MA'),
(2059, '2019-08-21', 1, 'MI'),
(2060, '2019-08-22', 1, 'JU'),
(2061, '2019-08-23', 1, 'VI'),
(2062, '2019-08-24', 1, 'SA'),
(2063, '2019-08-25', 0, 'DO'),
(2064, '2019-08-26', 1, 'LU'),
(2065, '2019-08-27', 1, 'MA'),
(2066, '2019-08-28', 1, 'MI'),
(2067, '2019-08-29', 1, 'JU'),
(2068, '2019-08-30', 1, 'VI'),
(2069, '2019-08-31', 1, 'SA'),
(2070, '2019-09-01', 0, 'DO'),
(2071, '2019-09-02', 1, 'LU'),
(2072, '2019-09-03', 1, 'MA'),
(2073, '2019-09-04', 1, 'MI'),
(2074, '2019-09-05', 1, 'JU'),
(2075, '2019-09-06', 1, 'VI'),
(2076, '2019-09-07', 1, 'SA'),
(2077, '2019-09-08', 0, 'DO'),
(2078, '2019-09-09', 1, 'LU'),
(2079, '2019-09-10', 1, 'MA'),
(2080, '2019-09-11', 1, 'MI'),
(2081, '2019-09-12', 1, 'JU'),
(2082, '2019-09-13', 1, 'VI'),
(2083, '2019-09-14', 1, 'SA'),
(2084, '2019-09-15', 0, 'DO'),
(2085, '2019-09-16', 1, 'LU'),
(2086, '2019-09-17', 1, 'MA'),
(2087, '2019-09-18', 0, 'MI'),
(2088, '2019-09-19', 0, 'JU'),
(2089, '2019-09-20', 1, 'VI'),
(2090, '2019-09-21', 1, 'SA'),
(2091, '2019-09-22', 0, 'DO'),
(2092, '2019-09-23', 1, 'LU'),
(2093, '2019-09-24', 1, 'MA'),
(2094, '2019-09-25', 1, 'MI'),
(2095, '2019-09-26', 1, 'JU'),
(2096, '2019-09-27', 1, 'VI'),
(2097, '2019-09-28', 1, 'SA'),
(2098, '2019-09-29', 0, 'DO'),
(2099, '2019-09-30', 1, 'LU'),
(2100, '2019-10-01', 1, 'MA'),
(2101, '2019-10-02', 1, 'MI'),
(2102, '2019-10-03', 1, 'JU'),
(2103, '2019-10-04', 1, 'VI'),
(2104, '2019-10-05', 1, 'SA'),
(2105, '2019-10-06', 0, 'DO'),
(2106, '2019-10-07', 1, 'LU'),
(2107, '2019-10-08', 1, 'MA'),
(2108, '2019-10-09', 1, 'MI'),
(2109, '2019-10-10', 1, 'JU'),
(2110, '2019-10-11', 1, 'VI'),
(2111, '2019-10-12', 0, 'SA'),
(2112, '2019-10-13', 0, 'DO'),
(2113, '2019-10-14', 1, 'LU'),
(2114, '2019-10-15', 1, 'MA'),
(2115, '2019-10-16', 1, 'MI'),
(2116, '2019-10-17', 1, 'JU'),
(2117, '2019-10-18', 1, 'VI'),
(2118, '2019-10-19', 1, 'SA'),
(2119, '2019-10-20', 0, 'DO'),
(2120, '2019-10-21', 1, 'LU'),
(2121, '2019-10-22', 1, 'MA'),
(2122, '2019-10-23', 1, 'MI'),
(2123, '2019-10-24', 1, 'JU'),
(2124, '2019-10-25', 1, 'VI'),
(2125, '2019-10-26', 1, 'SA'),
(2126, '2019-10-27', 0, 'DO'),
(2127, '2019-10-28', 1, 'LU'),
(2128, '2019-10-29', 1, 'MA'),
(2129, '2019-10-30', 1, 'MI'),
(2130, '2019-10-31', 0, 'JU'),
(2131, '2019-11-01', 0, 'VI'),
(2132, '2019-11-02', 1, 'SA'),
(2133, '2019-11-03', 0, 'DO'),
(2134, '2019-11-04', 1, 'LU'),
(2135, '2019-11-05', 1, 'MA'),
(2136, '2019-11-06', 1, 'MI'),
(2137, '2019-11-07', 1, 'JU'),
(2138, '2019-11-08', 1, 'VI'),
(2139, '2019-11-09', 1, 'SA'),
(2140, '2019-11-10', 0, 'DO'),
(2141, '2019-11-11', 1, 'LU'),
(2142, '2019-11-12', 1, 'MA'),
(2143, '2019-11-13', 1, 'MI'),
(2144, '2019-11-14', 1, 'JU'),
(2145, '2019-11-15', 1, 'VI'),
(2146, '2019-11-16', 1, 'SA'),
(2147, '2019-11-17', 0, 'DO'),
(2148, '2019-11-18', 1, 'LU'),
(2149, '2019-11-19', 1, 'MA'),
(2150, '2019-11-20', 1, 'MI'),
(2151, '2019-11-21', 1, 'JU'),
(2152, '2019-11-22', 1, 'VI'),
(2153, '2019-11-23', 1, 'SA'),
(2154, '2019-11-24', 0, 'DO'),
(2155, '2019-11-25', 1, 'LU'),
(2156, '2019-11-26', 1, 'MA'),
(2157, '2019-11-27', 1, 'MI'),
(2158, '2019-11-28', 1, 'JU'),
(2159, '2019-11-29', 1, 'VI'),
(2160, '2019-11-30', 1, 'SA'),
(2161, '2019-12-01', 0, 'DO'),
(2162, '2019-12-02', 1, 'LU'),
(2163, '2019-12-03', 1, 'MA'),
(2164, '2019-12-04', 1, 'MI'),
(2165, '2019-12-05', 1, 'JU'),
(2166, '2019-12-06', 1, 'VI'),
(2167, '2019-12-07', 1, 'SA'),
(2168, '2019-12-08', 0, 'DO'),
(2169, '2019-12-09', 1, 'LU'),
(2170, '2019-12-10', 1, 'MA'),
(2171, '2019-12-11', 1, 'MI'),
(2172, '2019-12-12', 1, 'JU'),
(2173, '2019-12-13', 1, 'VI'),
(2174, '2019-12-14', 1, 'SA'),
(2175, '2019-12-15', 0, 'DO'),
(2176, '2019-12-16', 1, 'LU'),
(2177, '2019-12-17', 1, 'MA'),
(2178, '2019-12-18', 1, 'MI'),
(2179, '2019-12-19', 1, 'JU'),
(2180, '2019-12-20', 1, 'VI'),
(2181, '2019-12-21', 1, 'SA'),
(2182, '2019-12-22', 0, 'DO'),
(2183, '2019-12-23', 1, 'LU'),
(2184, '2019-12-24', 1, 'MA'),
(2185, '2019-12-25', 0, 'MI'),
(2186, '2019-12-26', 1, 'JU'),
(2187, '2019-12-27', 1, 'VI'),
(2188, '2019-12-28', 1, 'SA'),
(2189, '2019-12-29', 0, 'DO'),
(2190, '2019-12-30', 1, 'LU'),
(2191, '2019-12-31', 1, 'MA'),
(2192, '2020-01-01', 0, 'MI'),
(2193, '2020-01-02', 1, 'JU'),
(2194, '2020-01-03', 1, 'VI'),
(2195, '2020-01-04', 1, 'SA'),
(2196, '2020-01-05', 0, 'DO'),
(2197, '2020-01-06', 1, 'LU'),
(2198, '2020-01-07', 1, 'MA'),
(2199, '2020-01-08', 1, 'MI'),
(2200, '2020-01-09', 1, 'JU'),
(2201, '2020-01-10', 1, 'VI'),
(2202, '2020-01-11', 1, 'SA'),
(2203, '2020-01-12', 0, 'DO'),
(2204, '2020-01-13', 1, 'LU'),
(2205, '2020-01-14', 1, 'MA'),
(2206, '2020-01-15', 1, 'MI'),
(2207, '2020-01-16', 1, 'JU'),
(2208, '2020-01-17', 1, 'VI'),
(2209, '2020-01-18', 1, 'SA'),
(2210, '2020-01-19', 0, 'DO'),
(2211, '2020-01-20', 1, 'LU'),
(2212, '2020-01-21', 1, 'MA'),
(2213, '2020-01-22', 1, 'MI'),
(2214, '2020-01-23', 1, 'JU'),
(2215, '2020-01-24', 1, 'VI'),
(2216, '2020-01-25', 1, 'SA'),
(2217, '2020-01-26', 0, 'DO'),
(2218, '2020-01-27', 1, 'LU'),
(2219, '2020-01-28', 1, 'MA'),
(2220, '2020-01-29', 1, 'MI'),
(2221, '2020-01-30', 1, 'JU'),
(2222, '2020-01-31', 1, 'VI'),
(2223, '2020-02-01', 1, 'SA'),
(2224, '2020-02-02', 0, 'DO'),
(2225, '2020-02-03', 1, 'LU'),
(2226, '2020-02-04', 1, 'MA'),
(2227, '2020-02-05', 1, 'MI'),
(2228, '2020-02-06', 1, 'JU'),
(2229, '2020-02-07', 1, 'VI'),
(2230, '2020-02-08', 1, 'SA'),
(2231, '2020-02-09', 0, 'DO'),
(2232, '2020-02-10', 1, 'LU'),
(2233, '2020-02-11', 1, 'MA'),
(2234, '2020-02-12', 1, 'MI'),
(2235, '2020-02-13', 1, 'JU'),
(2236, '2020-02-14', 1, 'VI'),
(2237, '2020-02-15', 1, 'SA'),
(2238, '2020-02-16', 0, 'DO'),
(2239, '2020-02-17', 1, 'LU'),
(2240, '2020-02-18', 1, 'MA'),
(2241, '2020-02-19', 1, 'MI'),
(2242, '2020-02-20', 1, 'JU'),
(2243, '2020-02-21', 1, 'VI'),
(2244, '2020-02-22', 1, 'SA'),
(2245, '2020-02-23', 0, 'DO'),
(2246, '2020-02-24', 1, 'LU'),
(2247, '2020-02-25', 1, 'MA'),
(2248, '2020-02-26', 1, 'MI'),
(2249, '2020-02-27', 1, 'JU'),
(2250, '2020-02-28', 1, 'VI'),
(2251, '2020-02-29', 1, 'SA'),
(2252, '2020-03-01', 0, 'DO'),
(2253, '2020-03-02', 1, 'LU'),
(2254, '2020-03-03', 1, 'MA'),
(2255, '2020-03-04', 1, 'MI'),
(2256, '2020-03-05', 1, 'JU'),
(2257, '2020-03-06', 1, 'VI'),
(2258, '2020-03-07', 1, 'SA'),
(2259, '2020-03-08', 0, 'DO'),
(2260, '2020-03-09', 1, 'LU'),
(2261, '2020-03-10', 1, 'MA'),
(2262, '2020-03-11', 1, 'MI'),
(2263, '2020-03-12', 1, 'JU'),
(2264, '2020-03-13', 1, 'VI'),
(2265, '2020-03-14', 1, 'SA'),
(2266, '2020-03-15', 0, 'DO'),
(2267, '2020-03-16', 1, 'LU'),
(2268, '2020-03-17', 1, 'MA'),
(2269, '2020-03-18', 1, 'MI'),
(2270, '2020-03-19', 1, 'JU'),
(2271, '2020-03-20', 1, 'VI'),
(2272, '2020-03-21', 1, 'SA'),
(2273, '2020-03-22', 0, 'DO'),
(2274, '2020-03-23', 1, 'LU'),
(2275, '2020-03-24', 1, 'MA'),
(2276, '2020-03-25', 1, 'MI'),
(2277, '2020-03-26', 1, 'JU'),
(2278, '2020-03-27', 1, 'VI'),
(2279, '2020-03-28', 1, 'SA'),
(2280, '2020-03-29', 0, 'DO'),
(2281, '2020-03-30', 1, 'LU'),
(2282, '2020-03-31', 1, 'MA'),
(2283, '2020-04-01', 1, 'MI'),
(2284, '2020-04-02', 1, 'JU'),
(2285, '2020-04-03', 1, 'VI'),
(2286, '2020-04-04', 1, 'SA'),
(2287, '2020-04-05', 0, 'DO'),
(2288, '2020-04-06', 1, 'LU'),
(2289, '2020-04-07', 1, 'MA'),
(2290, '2020-04-08', 1, 'MI'),
(2291, '2020-04-09', 1, 'JU'),
(2292, '2020-04-10', 1, 'VI'),
(2293, '2020-04-11', 1, 'SA'),
(2294, '2020-04-12', 0, 'DO'),
(2295, '2020-04-13', 1, 'LU'),
(2296, '2020-04-14', 1, 'MA'),
(2297, '2020-04-15', 1, 'MI'),
(2298, '2020-04-16', 1, 'JU'),
(2299, '2020-04-17', 1, 'VI'),
(2300, '2020-04-18', 1, 'SA'),
(2301, '2020-04-19', 0, 'DO'),
(2302, '2020-04-20', 1, 'LU'),
(2303, '2020-04-21', 1, 'MA'),
(2304, '2020-04-22', 1, 'MI'),
(2305, '2020-04-23', 1, 'JU'),
(2306, '2020-04-24', 1, 'VI'),
(2307, '2020-04-25', 1, 'SA'),
(2308, '2020-04-26', 0, 'DO'),
(2309, '2020-04-27', 1, 'LU'),
(2310, '2020-04-28', 1, 'MA'),
(2311, '2020-04-29', 1, 'MI'),
(2312, '2020-04-30', 1, 'JU'),
(2313, '2020-05-01', 0, 'VI'),
(2314, '2020-05-02', 1, 'SA'),
(2315, '2020-05-03', 0, 'DO'),
(2316, '2020-05-04', 1, 'LU'),
(2317, '2020-05-05', 1, 'MA'),
(2318, '2020-05-06', 1, 'MI'),
(2319, '2020-05-07', 1, 'JU'),
(2320, '2020-05-08', 1, 'VI'),
(2321, '2020-05-09', 1, 'SA'),
(2322, '2020-05-10', 0, 'DO'),
(2323, '2020-05-11', 1, 'LU'),
(2324, '2020-05-12', 1, 'MA'),
(2325, '2020-05-13', 1, 'MI'),
(2326, '2020-05-14', 1, 'JU'),
(2327, '2020-05-15', 1, 'VI'),
(2328, '2020-05-16', 1, 'SA'),
(2329, '2020-05-17', 0, 'DO'),
(2330, '2020-05-18', 1, 'LU'),
(2331, '2020-05-19', 1, 'MA'),
(2332, '2020-05-20', 1, 'MI'),
(2333, '2020-05-21', 0, 'JU'),
(2334, '2020-05-22', 1, 'VI'),
(2335, '2020-05-23', 1, 'SA'),
(2336, '2020-05-24', 0, 'DO'),
(2337, '2020-05-25', 1, 'LU'),
(2338, '2020-05-26', 1, 'MA'),
(2339, '2020-05-27', 1, 'MI'),
(2340, '2020-05-28', 1, 'JU'),
(2341, '2020-05-29', 1, 'VI'),
(2342, '2020-05-30', 1, 'SA'),
(2343, '2020-05-31', 0, 'DO'),
(2344, '2020-06-01', 1, 'LU'),
(2345, '2020-06-02', 1, 'MA'),
(2346, '2020-06-03', 1, 'MI'),
(2347, '2020-06-04', 1, 'JU'),
(2348, '2020-06-05', 1, 'VI'),
(2349, '2020-06-06', 1, 'SA'),
(2350, '2020-06-07', 0, 'DO'),
(2351, '2020-06-08', 1, 'LU'),
(2352, '2020-06-09', 1, 'MA'),
(2353, '2020-06-10', 1, 'MI'),
(2354, '2020-06-11', 1, 'JU'),
(2355, '2020-06-12', 1, 'VI'),
(2356, '2020-06-13', 1, 'SA'),
(2357, '2020-06-14', 0, 'DO'),
(2358, '2020-06-15', 1, 'LU'),
(2359, '2020-06-16', 1, 'MA'),
(2360, '2020-06-17', 1, 'MI'),
(2361, '2020-06-18', 1, 'JU'),
(2362, '2020-06-19', 1, 'VI'),
(2363, '2020-06-20', 1, 'SA'),
(2364, '2020-06-21', 0, 'DO'),
(2365, '2020-06-22', 1, 'LU'),
(2366, '2020-06-23', 1, 'MA'),
(2367, '2020-06-24', 1, 'MI'),
(2368, '2020-06-25', 1, 'JU'),
(2369, '2020-06-26', 1, 'VI'),
(2370, '2020-06-27', 1, 'SA'),
(2371, '2020-06-28', 0, 'DO'),
(2372, '2020-06-29', 0, 'LU'),
(2373, '2020-06-30', 1, 'MA'),
(2374, '2020-07-01', 1, 'MI'),
(2375, '2020-07-02', 1, 'JU'),
(2376, '2020-07-03', 1, 'VI'),
(2377, '2020-07-04', 1, 'SA'),
(2378, '2020-07-05', 0, 'DO'),
(2379, '2020-07-06', 1, 'LU'),
(2380, '2020-07-07', 1, 'MA'),
(2381, '2020-07-08', 1, 'MI'),
(2382, '2020-07-09', 1, 'JU'),
(2383, '2020-07-10', 1, 'VI'),
(2384, '2020-07-11', 1, 'SA'),
(2385, '2020-07-12', 0, 'DO'),
(2386, '2020-07-13', 1, 'LU'),
(2387, '2020-07-14', 1, 'MA'),
(2388, '2020-07-15', 1, 'MI'),
(2389, '2020-07-16', 0, 'JU'),
(2390, '2020-07-17', 1, 'VI'),
(2391, '2020-07-18', 1, 'SA'),
(2392, '2020-07-19', 0, 'DO'),
(2393, '2020-07-20', 1, 'LU'),
(2394, '2020-07-21', 1, 'MA'),
(2395, '2020-07-22', 1, 'MI'),
(2396, '2020-07-23', 1, 'JU'),
(2397, '2020-07-24', 1, 'VI'),
(2398, '2020-07-25', 1, 'SA'),
(2399, '2020-07-26', 0, 'DO'),
(2400, '2020-07-27', 1, 'LU'),
(2401, '2020-07-28', 1, 'MA'),
(2402, '2020-07-29', 1, 'MI'),
(2403, '2020-07-30', 1, 'JU'),
(2404, '2020-07-31', 1, 'VI'),
(2405, '2020-08-01', 1, 'SA'),
(2406, '2020-08-02', 0, 'DO'),
(2407, '2020-08-03', 1, 'LU'),
(2408, '2020-08-04', 1, 'MA'),
(2409, '2020-08-05', 1, 'MI'),
(2410, '2020-08-06', 1, 'JU'),
(2411, '2020-08-07', 1, 'VI'),
(2412, '2020-08-08', 1, 'SA'),
(2413, '2020-08-09', 0, 'DO'),
(2414, '2020-08-10', 1, 'LU'),
(2415, '2020-08-11', 1, 'MA'),
(2416, '2020-08-12', 1, 'MI'),
(2417, '2020-08-13', 1, 'JU'),
(2418, '2020-08-14', 1, 'VI'),
(2419, '2020-08-15', 0, 'SA'),
(2420, '2020-08-16', 0, 'DO'),
(2421, '2020-08-17', 1, 'LU'),
(2422, '2020-08-18', 1, 'MA'),
(2423, '2020-08-19', 1, 'MI'),
(2424, '2020-08-20', 1, 'JU'),
(2425, '2020-08-21', 1, 'VI'),
(2426, '2020-08-22', 1, 'SA'),
(2427, '2020-08-23', 0, 'DO'),
(2428, '2020-08-24', 1, 'LU'),
(2429, '2020-08-25', 1, 'MA'),
(2430, '2020-08-26', 1, 'MI'),
(2431, '2020-08-27', 1, 'JU'),
(2432, '2020-08-28', 1, 'VI'),
(2433, '2020-08-29', 1, 'SA'),
(2434, '2020-08-30', 0, 'DO'),
(2435, '2020-08-31', 1, 'LU'),
(2436, '2020-09-01', 1, 'MA'),
(2437, '2020-09-02', 1, 'MI'),
(2438, '2020-09-03', 1, 'JU'),
(2439, '2020-09-04', 1, 'VI'),
(2440, '2020-09-05', 1, 'SA'),
(2441, '2020-09-06', 0, 'DO'),
(2442, '2020-09-07', 1, 'LU'),
(2443, '2020-09-08', 1, 'MA'),
(2444, '2020-09-09', 1, 'MI'),
(2445, '2020-09-10', 1, 'JU'),
(2446, '2020-09-11', 1, 'VI'),
(2447, '2020-09-12', 1, 'SA'),
(2448, '2020-09-13', 0, 'DO'),
(2449, '2020-09-14', 1, 'LU'),
(2450, '2020-09-15', 1, 'MA'),
(2451, '2020-09-16', 1, 'MI'),
(2452, '2020-09-17', 1, 'JU'),
(2453, '2020-09-18', 0, 'VI'),
(2454, '2020-09-19', 0, 'SA'),
(2455, '2020-09-20', 0, 'DO'),
(2456, '2020-09-21', 1, 'LU'),
(2457, '2020-09-22', 1, 'MA'),
(2458, '2020-09-23', 1, 'MI'),
(2459, '2020-09-24', 1, 'JU'),
(2460, '2020-09-25', 1, 'VI'),
(2461, '2020-09-26', 1, 'SA'),
(2462, '2020-09-27', 0, 'DO'),
(2463, '2020-09-28', 1, 'LU'),
(2464, '2020-09-29', 1, 'MA'),
(2465, '2020-09-30', 1, 'MI'),
(2466, '2020-10-01', 1, 'JU'),
(2467, '2020-10-02', 1, 'VI'),
(2468, '2020-10-03', 1, 'SA'),
(2469, '2020-10-04', 0, 'DO'),
(2470, '2020-10-05', 1, 'LU'),
(2471, '2020-10-06', 1, 'MA'),
(2472, '2020-10-07', 1, 'MI'),
(2473, '2020-10-08', 1, 'JU'),
(2474, '2020-10-09', 1, 'VI'),
(2475, '2020-10-10', 1, 'SA'),
(2476, '2020-10-11', 0, 'DO'),
(2477, '2020-10-12', 0, 'LU'),
(2478, '2020-10-13', 1, 'MA'),
(2479, '2020-10-14', 1, 'MI'),
(2480, '2020-10-15', 1, 'JU'),
(2481, '2020-10-16', 1, 'VI'),
(2482, '2020-10-17', 1, 'SA'),
(2483, '2020-10-18', 0, 'DO'),
(2484, '2020-10-19', 1, 'LU'),
(2485, '2020-10-20', 1, 'MA'),
(2486, '2020-10-21', 1, 'MI'),
(2487, '2020-10-22', 1, 'JU'),
(2488, '2020-10-23', 1, 'VI'),
(2489, '2020-10-24', 1, 'SA'),
(2490, '2020-10-25', 0, 'DO'),
(2491, '2020-10-26', 1, 'LU'),
(2492, '2020-10-27', 1, 'MA'),
(2493, '2020-10-28', 1, 'MI'),
(2494, '2020-10-29', 1, 'JU'),
(2495, '2020-10-30', 1, 'VI'),
(2496, '2020-10-31', 0, 'SA'),
(2497, '2020-11-01', 0, 'DO'),
(2498, '2020-11-02', 1, 'LU'),
(2499, '2020-11-03', 1, 'MA'),
(2500, '2020-11-04', 1, 'MI'),
(2501, '2020-11-05', 1, 'JU'),
(2502, '2020-11-06', 1, 'VI'),
(2503, '2020-11-07', 1, 'SA'),
(2504, '2020-11-08', 0, 'DO'),
(2505, '2020-11-09', 1, 'LU'),
(2506, '2020-11-10', 1, 'MA'),
(2507, '2020-11-11', 1, 'MI'),
(2508, '2020-11-12', 1, 'JU'),
(2509, '2020-11-13', 1, 'VI'),
(2510, '2020-11-14', 1, 'SA'),
(2511, '2020-11-15', 0, 'DO'),
(2512, '2020-11-16', 1, 'LU'),
(2513, '2020-11-17', 1, 'MA'),
(2514, '2020-11-18', 1, 'MI'),
(2515, '2020-11-19', 1, 'JU'),
(2516, '2020-11-20', 1, 'VI'),
(2517, '2020-11-21', 1, 'SA'),
(2518, '2020-11-22', 0, 'DO'),
(2519, '2020-11-23', 1, 'LU'),
(2520, '2020-11-24', 1, 'MA'),
(2521, '2020-11-25', 1, 'MI'),
(2522, '2020-11-26', 1, 'JU'),
(2523, '2020-11-27', 1, 'VI'),
(2524, '2020-11-28', 1, 'SA'),
(2525, '2020-11-29', 0, 'DO'),
(2526, '2020-11-30', 1, 'LU'),
(2527, '2020-12-01', 1, 'MA'),
(2528, '2020-12-02', 1, 'MI'),
(2529, '2020-12-03', 1, 'JU'),
(2530, '2020-12-04', 1, 'VI'),
(2531, '2020-12-05', 1, 'SA'),
(2532, '2020-12-06', 0, 'DO'),
(2533, '2020-12-07', 1, 'LU'),
(2534, '2020-12-08', 0, 'MA'),
(2535, '2020-12-09', 1, 'MI'),
(2536, '2020-12-10', 1, 'JU'),
(2537, '2020-12-11', 1, 'VI'),
(2538, '2020-12-12', 1, 'SA'),
(2539, '2020-12-13', 0, 'DO'),
(2540, '2020-12-14', 1, 'LU'),
(2541, '2020-12-15', 1, 'MA'),
(2542, '2020-12-16', 1, 'MI'),
(2543, '2020-12-17', 1, 'JU'),
(2544, '2020-12-18', 1, 'VI'),
(2545, '2020-12-19', 1, 'SA'),
(2546, '2020-12-20', 0, 'DO'),
(2547, '2020-12-21', 1, 'LU'),
(2548, '2020-12-22', 1, 'MA'),
(2549, '2020-12-23', 1, 'MI'),
(2550, '2020-12-24', 1, 'JU'),
(2551, '2020-12-25', 0, 'VI'),
(2552, '2020-12-26', 1, 'SA'),
(2553, '2020-12-27', 0, 'DO'),
(2554, '2020-12-28', 1, 'LU'),
(2555, '2020-12-29', 1, 'MA'),
(2556, '2020-12-30', 1, 'MI'),
(2557, '2020-12-31', 1, 'JU');

-- --------------------------------------------------------

--
-- Estructura de tabla para la tabla `cli`
--

CREATE TABLE IF NOT EXISTS `cli` (
  `ID` int(11) NOT NULL AUTO_INCREMENT COMMENT 'Identificador ?nico de Cliente',
  `ID_GROUP` int(11) NOT NULL COMMENT 'Identificador ?nico del Grupo al que pertenece un usuario',
  `RUT_CLI` varchar(20) NOT NULL COMMENT 'Rol ?nico tributario que identifica el cliente.',
  `NOMBRE_CLI` varchar(30) NOT NULL COMMENT 'Nombre por el cual se referencia a cliente, y por el cual el sistema lo reconoce.',
  `APELLIDO_PCLI` varchar(20) NOT NULL COMMENT 'Apellido del padre del cliente.',
  `APELLIDO_MCLI` varchar(20) NOT NULL COMMENT 'Apellido de la madre del cliente.',
  `MAIL_CLI` varchar(40) DEFAULT NULL COMMENT 'Direcci?n e-mail por la cual se puede contactar al cliente. Muy importante para el envio de notificaciones.',
  `TEL_CLI` varchar(25) DEFAULT NULL COMMENT 'N?mero de tel?fono por el cual se puede conectar al cliente.',
  `FECHA_REGISTRO_CLI` date NOT NULL COMMENT 'Fecha en la cual el cliente fue registrado en el sistema.',
  `DIR_CLI` varchar(100) DEFAULT NULL COMMENT 'Ubicaci?n de la vivienda del cliente.',
  `HABILITADO_CLI` tinyint(1) NOT NULL COMMENT 'Indica si el ciente se encuentra habilitado para acceder a los servicios de la cl?nica.\r\n            ''H'' indica habilitado.\r\n            ''D'' indica deshabilitado.',
  `PASSWORD_CLI` varchar(50) NOT NULL,
  PRIMARY KEY (`ID`),
  KEY `FK_PERTENECE2` (`ID_GROUP`)
) ENGINE=InnoDB  DEFAULT CHARSET=latin1 COMMENT='Entidad que representa un cliente dentro del sistema, esta p' AUTO_INCREMENT=43 ;

--
-- Volcado de datos para la tabla `cli`
--

INSERT INTO `cli` (`ID`, `ID_GROUP`, `RUT_CLI`, `NOMBRE_CLI`, `APELLIDO_PCLI`, `APELLIDO_MCLI`, `MAIL_CLI`, `TEL_CLI`, `FECHA_REGISTRO_CLI`, `DIR_CLI`, `HABILITADO_CLI`, `PASSWORD_CLI`) VALUES
(22, 1, '10.728.565-2', 'RUBEN', 'GUERRERO', 'ACEVEDO', 'micorreo17@yopmail.com', '93554324', '2014-11-14', 'RIQUELME 218 DP C', 0, '7c4a8d09ca3762af61e59520943dc26494f8941b'),
(23, 1, '12.882.268-2', 'MARIA TERESA', 'DOMIC', 'ARANGUIZ', 'micorreo13@yopmail.com', '83452352', '2014-11-14', 'ISMAEL V VERGARA 514 DP 42', 1, '7c4a8d09ca3762af61e59520943dc26494f8941b'),
(24, 1, '13.660.589-5', 'CRISTIAN', 'ABARCA', 'CASTILLO', 'micorreo01@yopmail.com', '91234567', '2014-11-14', 'COMPAÑIA JESUS 227 DP 3-B', 1, '7c4a8d09ca3762af61e59520943dc26494f8941b'),
(25, 1, '14.158.895-8', 'FRANCISCO', 'CARCAMO', 'SOTO', 'micorreo11@yopmail.com', '82352624', '2014-11-14', 'MONEDA 3090 DPTO 102', 1, '7c4a8d09ca3762af61e59520943dc26494f8941b'),
(26, 1, '14.536.496-5', 'JONATHAN', 'GOMEZ', 'GUTIERREZ', 'micorreo19@yopmail.com', '83264442', '2014-11-14', 'EYZAGUIRRE 1077', 1, '7c4a8d09ca3762af61e59520943dc26494f8941b'),
(27, 1, '14.757.500-9', 'JORGE', 'ROMAN', '', 'micorreo02@yopmail.com', '81234567', '2014-11-14', 'TARAPACA 752', 1, '7c4a8d09ca3762af61e59520943dc26494f8941b'),
(28, 1, '15.353.552-3', 'MARJORIE', 'HERNANDEZ', 'ZUÑIGA', 'micorreo20@yopmail.com', '72452522', '2014-11-14', 'CABILDO 7219', 1, '7c4a8d09ca3762af61e59520943dc26494f8941b'),
(29, 1, '15.380.217-3', 'FRANCISCO', 'MARTI', 'RAVANALES', 'micorreo05@yopmail.com', '98765432', '2014-11-14', 'BULNES 409', 1, '7c4a8d09ca3762af61e59520943dc26494f8941b'),
(30, 1, '16.339.894-K', 'AARON', 'ACUÑA', 'PEREZ', 'micorreo08@yopmail.com', '91233413', '2014-11-14', 'PJ DEL MERCADO 1853 V COMERCIO', 0, '7c4a8d09ca3762af61e59520943dc26494f8941b'),
(31, 1, '17.925.891-9', 'Daniel', 'Vargas', 'Mattheus', 'daniel.vargas@usach.cl', '231232142', '2014-11-14', 'Pasaje del Mercado 1836 Villa Comercio', 1, '7c4a8d09ca3762af61e59520943dc26494f8941b'),
(32, 1, '18.209.963-5', 'MARIA', 'HERRERA', 'ABARCA', 'micorreo06@yopmail.com', '86543123', '2014-11-14', 'FRANKLIN 1330 PJE. VICUÑA 2404-A', 1, '7c4a8d09ca3762af61e59520943dc26494f8941b'),
(33, 1, '18.256.799-K', 'BRUNO', 'BAEZ', 'LOPEZ', 'micorreo10@yopmail.com', '73452345', '2014-11-14', 'MATURANA 477 DP 304', 1, '7c4a8d09ca3762af61e59520943dc26494f8941b'),
(34, 1, '18.641.830-1', 'CAMILA', 'ROMAN', 'GARCIA', 'micorreo03@yopmail.com', '71234567', '2014-11-13', 'ESPERANZA 651 DEP 19', 1, '7c4a8d09ca3762af61e59520943dc26494f8941b'),
(35, 1, '2.635.377-7', 'ERCILIA', 'HERRAZ', 'BRAVO', 'micorreo07@yopmail.com', '75341632', '2014-11-14', 'MAIPU 547 DP 300', 1, '7c4a8d09ca3762af61e59520943dc26494f8941b'),
(36, 1, '21.445.964-7', 'FEI', 'GUO', '', 'micorreo18@yopmail.com', '72353437', '2014-11-14', 'RODULFO PHILLIPI 51', 1, '7c4a8d09ca3762af61e59520943dc26494f8941b'),
(37, 1, '21.824.189-1', 'FANNY', 'DIAZ', 'REYES', 'micorreo12@yopmail.com', '225160550', '2014-11-14', 'COQUIMBO 1383', 0, '7c4a8d09ca3762af61e59520943dc26494f8941b'),
(38, 1, '21.930.126-K', 'ALEJANDRA', 'DOMINE', 'MARIA', 'micorreo14@yopmail.com', '72353544', '2014-11-14', 'BOMBERO SALAS NÑ 1369, DEPTO. 203', 1, '7c4a8d09ca3762af61e59520943dc26494f8941b'),
(39, 1, '3.556.975-8', 'ALICIA', 'DOMINGUEZ', 'BASIEROS', 'micorreo15@yopmail.com', '82521348', '2014-11-14', 'VICTOR MANUEL 2170', 1, '7c4a8d09ca3762af61e59520943dc26494f8941b'),
(40, 1, '3.593.139-2', 'JORGE', 'GUERRA', 'VASQUEZ', 'micorreo16@yopmail.com', '92355443', '2014-11-14', 'STO DOMINGO 916', 1, '7c4a8d09ca3762af61e59520943dc26494f8941b'),
(41, 1, '3.791.343-K', 'MIRTA', 'BENAVIDES', 'MARTINEZ', 'micorreo04@yopmail.com', '61234567', '2014-11-11', 'BULNES 1182 BL 9 ESC 2534 DP 12', 1, '7c4a8d09ca3762af61e59520943dc26494f8941b'),
(42, 1, '9.787.769-6', 'ORIETTA', 'AGUILAR', 'VILLAGRA', 'micorreo09@yopmail.com', '96545452', '2014-11-14', 'VICTORIA 1472', 1, '7c4a8d09ca3762af61e59520943dc26494f8941b');

-- --------------------------------------------------------

--
-- Estructura de tabla para la tabla `far`
--

CREATE TABLE IF NOT EXISTS `far` (
  `ID_FAR` int(11) NOT NULL AUTO_INCREMENT COMMENT 'Identificador ?nico para el f?rmaco\r\n            .',
  `NOMBRE_FARMACO` varchar(50) NOT NULL COMMENT 'Nombre por el cual es f?rmaco es conocido.',
  `LABORATORIO_MEDICAMENTO` varchar(50) DEFAULT NULL COMMENT 'Laboratorio m?dico que fabric? el f?rmaco\r\n            .',
  `NOMBRE_GENERICO` varchar(50) DEFAULT NULL COMMENT 'Nombre gen?rico por el cual es conocido el f?rmaco\r\n            .',
  PRIMARY KEY (`ID_FAR`)
) ENGINE=InnoDB  DEFAULT CHARSET=latin1 COMMENT='Entidad que representa un f?rmaco con los datos que son prop' AUTO_INCREMENT=2179 ;

--
-- Volcado de datos para la tabla `far`
--

INSERT INTO `far` (`ID_FAR`, `NOMBRE_FARMACO`, `LABORATORIO_MEDICAMENTO`, `NOMBRE_GENERICO`) VALUES
(1, 'SANITAS', 'SANITASLAB', 'IBUPROFENO'),
(2, 'BRONIPRA ND/IBD', 'VETERQUIMICA S.A.', 'VACUNA INACTIVADA BRONQUITIS'),
(3, 'BRONIPRA-1', 'VETERQUIMICA S.A.', 'VACUNA VIVA BRONQUITIS INFEC'),
(4, '', 'VETERQUIMICA S.A.', 'VACUNA INACTIVADA CORIZA AVI'),
(5, 'HIPRAVIAR-B1', 'VETERQUIMICA S.A.', 'VACUNA VIVA NEWCASTLE, CEPA '),
(7, 'NOBILIS CAV P4', 'INTERVET CHILE LTDA.', 'VACUNA VIVA ANEMIA INFECCIOS'),
(11, 'AVIPRO AE TREMBLEX', 'ENCIPHARM LTDA.', 'VACUNA VIVA ENCEFALOMIELITIS'),
(12, 'AVIPRO ND-IB SOHOL', 'ENCIPHARM LTDA.', 'VACUNA VIVA BRONQUITIS INFEC'),
(13, '', 'ENCIPHARM LTDA.', 'ANTIGENO PULLORUM, POLIVALEN'),
(14, 'AVIPRO VIBURSA CE', 'ENCIPHARM LTDA.', 'VACUNA VIVA GUMBORO'),
(17, '', 'VETERQUIMICA S.A.', 'VACUNA VIVA DIFTEROVIRUELA A'),
(18, 'HIPRAVIAR-S', 'VETERQUIMICA S.A.', 'VACUNA VIVA NEWCASTLE, CEPA '),
(20, 'NOBIVAC DHPPI', 'INTERVET CHILE LTDA.', 'VACUNA VIVA DISTEMPER CANINO'),
(22, 'QUINAMIX 20%', 'FARQUIMICA SPA', 'NORFLOXACINO 20%'),
(23, '', 'FARQUIMICA SPA', 'NORFLOXACINA 20%'),
(24, 'FORTICLINA RETARD 20%', 'FARQUIMICA SPA', 'OXITETRACICLINA 200 MG/ML'),
(25, '', 'FARQUIMICA SPA', 'AMOXICILINA 15%'),
(26, '', 'FARQUIMICA SPA', 'AMPICILINA, COLISTINA'),
(27, 'FLUMESYVA 20%', 'FARQUIMICA SPA', 'FLUMEQUINA 20%'),
(28, 'FLUMESYVA 7,5%', 'FARQUIMICA SPA', 'FLUMEQUINA 7,5%'),
(33, '', 'LABORATORIOS MICROSULES CHIL', 'IVERMECTINA 1%'),
(34, 'COFELIN 10%', 'VETERQUIMICA S.A.', 'CLOSANTEL 10%'),
(35, 'VQAQUAYODO', 'VETERQUIMICA S.A.', 'YODO 1,5%, YODURO DE SODIO 0'),
(38, 'COBACTAN 2,5%', 'INTERVET CHILE LTDA.', 'CEFQUINOMA 2.5%'),
(43, 'STOMORGYL 2', 'CENTROVET LTDA.', 'ESPIRAMICINA, METRONIDAZOL'),
(51, 'PIRSUE', 'PFIZER CHILE S.A.', 'CLORHIDRATO PIRLIMICINA 5,44'),
(52, 'FRONTLINE 0,25%', 'SANOFI PASTEUR S.A.', 'FIPRONIL 0,25%'),
(53, '', 'FARMACOLOGIA EN AQUACULTURA ', 'FENILBUTAZONA 20%'),
(56, 'COFELIN 10%', 'VETERQUIMICA S.A.', 'CLOSANTEL 10%'),
(57, '', 'FARMACOLOGIA EN AQUACULTURA ', 'AMOXICILINA L.A'),
(59, 'LEVAGOT', 'EXIMERK LTDA.', 'LEVAMIZOL CLORHIDRATO 2,4 %'),
(62, 'YODOCAP 10%', 'FARQUIMICA SPA', 'POVIDONA YODADA 10%'),
(64, 'EQUS 20%', 'DRAG PHARMA CHILE INVETEC S.', 'FENILBUTAZONA 20%'),
(69, 'EQUIVERM', 'DRAG PHARMA CHILE INVETEC S.', 'MEBENDAZOL, TRICLORFON'),
(72, '', 'AGROVET LTDA.', 'FLUNIXINO MEGLUMINA'),
(79, 'FLUMEPREN 10%', 'CENTROVET LTDA.', 'FLUMEQUINA 10 %'),
(80, 'VULKETAN', 'DRAG PHARMA CHILE INVETEC S.', 'KETANSERINA 0.25%'),
(84, 'RONAXAN 100 MG', 'SANOFI PASTEUR S.A.', 'DOXICICLINA HICLATO 115,5 MG'),
(85, 'RONAXAN 20 MG', 'SANOFI PASTEUR S.A.', 'DOXICICLINA HICLATO'),
(87, '', 'ILENDER CHILE S.A.', 'FOSFOMICINA CALCICA 25%'),
(89, '', 'CENTROVET LTDA.', 'VACUNA INACTIVADA BRONQUITIS'),
(91, '', 'CENTROVET LTDA.', 'VACUNA INACTIVADA HEPATITIS '),
(92, '', 'CENTROVET LTDA.', 'VACUNA VIVA BRONQUITIS INFEC'),
(94, 'BZ-20', 'VETERQUIMICA S.A.', 'BENZOCAINA 20%'),
(96, 'MAGNADUR LA - 300', 'SANOFI PASTEUR S.A.', 'DIHIDRATO DE OXITETRACICLINA'),
(101, '', 'FARMACOLOGIA EN AQUACULTURA ', 'PENICILINA G BENZATINA, PENI'),
(102, 'OTOMAX', 'INTERVET CHILE LTDA.', 'GENTAMICINA SULFATO, CLOTRIM'),
(103, 'DRAGOVIN', 'DRAG PHARMA CHILE INVETEC S.', 'ACIDO SALICILICO, LIDOCAINA '),
(104, '', 'LABORATORIOS MICROSULES CHIL', 'ENROFLOXACINO 5%'),
(105, 'ZULETEL 5%', 'LABORATORIOS MICROSULES CHIL', 'CLOSANTEL 5%'),
(109, 'MIXANTIP', 'DRAG PHARMA CHILE INVETEC S.', 'AZUFRE PRECIPITADO 0,5%, NEO'),
(110, 'ENROMIC 10%', 'FARQUIMICA SPA', 'ENROFLOXACINO 10%'),
(111, 'DEXABIOPEN', 'FARQUIMICA SPA', 'PENICILINA G POTASICA, DEXAM'),
(112, 'PARKILLER 50', 'FARQUIMICA SPA', 'CARBARILO 50%'),
(113, 'COLIPRIM', 'FARQUIMICA SPA', 'SULFACLORPIRIDAZINA, TRIMETO'),
(114, 'FARMAKIN 50%', 'FARQUIMICA SPA', 'SULFISOMIDINA'),
(115, 'PACIFOR', 'DRAG PHARMA CHILE INVETEC S.', 'ACEPROMAZINA 10 MG'),
(116, 'MICROTEL', 'LABORATORIOS MICROSULES CHIL', 'ALBENDAZOL 5%, CLOSANTEL 10%'),
(121, 'AMOX-FEED 50%', 'VETERQUIMICA S.A.', 'AMOXICILINA 50%'),
(122, '', 'VETERQUIMICA S.A.', 'NICARBAZINA 25%'),
(123, 'COCCISAN', 'VETERQUIMICA S.A.', 'CLOPIDOL 20%, ETOPABATO 1,6%'),
(125, 'MICRODES 1%', 'FARQUIMICA SPA', 'IVERMECTINA 1%'),
(126, 'PETEVER 1%', 'DRAG PHARMA CHILE INVETEC S.', 'CLORHEXIDINA 1%'),
(128, 'EQUIFORT', 'DRAG PHARMA CHILE INVETEC S.', 'VITAMINAS, SALES MINERALES'),
(131, '', 'AGROVET LTDA.', 'PRAZIQUANTEL, PIRANTEL PAMOA'),
(132, 'DEXTRAFER 200', 'FARQUIMICA SPA', 'HIERRO(COMO COMPLEJO HIERRO '),
(133, 'DIARREPAS', 'DRAG PHARMA CHILE INVETEC S.', 'FTALILSULFATIAZOL, SULFAGUAN'),
(134, 'FACILPART', 'FARQUIMICA SPA', 'OXITOCINA'),
(136, 'KETAMIL', 'AGROVET LTDA.', 'KETAMINA CLORHIDRATO 10%'),
(141, 'CATARSIL', 'DRAG PHARMA CHILE INVETEC S.', 'NEOMICINA SULFATO, SULFAGUAN'),
(142, 'EXPERT 20%', 'INTERVET CHILE LTDA.', 'DIAZINON 20 %'),
(143, 'NUFLOR', 'INTERVET CHILE LTDA.', 'FLORFENICOL 30%'),
(144, 'KERAMUNNE 0,2%', 'INTERVET CHILE LTDA.', 'CICLOSPORINA 0,2%'),
(145, 'BAYTICOL PLUS', 'BAYER S.A.', 'FLUMETRINA, PROPOXUR'),
(147, 'ALERDRAG', 'DRAG PHARMA CHILE INVETEC S.', 'HIDROCORTISONA 0,5%'),
(149, 'TERRIVET 50%', 'VETERQUIMICA S.A.', 'OXITETRACICLINA 50%'),
(150, 'DACLOR 80%', 'VETERQUIMICA S.A.', 'CLORAMINA T 80%'),
(151, 'SAGUACID 15%', 'EXIMERK LTDA.', 'CLOSANTEL 15%'),
(152, 'SAGUACID 10%', 'EXIMERK LTDA.', 'CLOSANTEL 10%'),
(154, 'RECONPHOS', 'EXIMERK LTDA.', 'VITAMINA B12, FOSFORILCOLAMI'),
(155, 'WHITFFIL', 'EXIMERK LTDA.', 'OXFENDAZOL, TRICLORFON'),
(157, 'CEFA-DRI', 'PFIZER CHILE S.A.', 'CEFAPIRINA BENZATINICA 77 MG'),
(158, 'CEFA-LAK', 'PFIZER CHILE S.A.', 'CEFAPIRINA SODICA 21 MG/ML'),
(159, 'SYNOVEX PLUS', 'PFIZER CHILE S.A.', 'ACETATO DE TREMBOLONA 25 MG,'),
(169, 'CYDECTIN', 'PFIZER CHILE S.A.', 'MOXIDECTINA 1%'),
(173, 'FARROWSURE B', 'PFIZER CHILE S.A.', 'VACUNA INACTIVADA PARVOVIROS'),
(174, 'ASUNTOL PLUS', 'BAYER S.A.', 'CUMAFOS 1.2%'),
(175, 'IMMUCOX', 'AGROVET LTDA.', 'VACUNA VIVA COCCIDIOSIS AVIA'),
(178, 'NANORMEN, SUSPENSION ORAL', 'DRAG PHARMA CHILE INVETEC S.', 'PIRANTEL PAMOATO'),
(183, 'ENVIRACOR', 'PFIZER CHILE S.A.', 'VACUNA INACTIVADA ESCHERICHI'),
(186, 'ILIUM STANABOLIC', 'AGROVET LTDA.', 'ESTANOZOLOL'),
(187, '', 'AGROVET LTDA.', 'BOLDENONA UNDECILENATO'),
(188, '', 'FARMACOLOGIA EN AQUACULTURA ', 'OXITOCINA 10 UI/ML'),
(189, 'INYECVIT', 'FARMACOLOGIA EN AQUACULTURA ', 'D-PANTENOL, NICOTINAMIDA, CO'),
(191, 'BACTURYL', 'FARMACOLOGIA EN AQUACULTURA ', 'SULFAMETOXAZOL, TRIMETOPRIMA'),
(192, 'RUMENSIN CAPSULAS', 'ELI LILLY INTERAMIRICA INC. ', 'MONENSINA SODICA 32 G'),
(200, '', 'FARQUIMICA SPA', 'DEXAMETASONA FOSFATO SIDICO '),
(205, 'ECTOSULES 15%', 'LABORATORIOS MICROSULES CHIL', 'CIPERMETRINA 15%'),
(207, 'PARINTEX 1 %', 'EXIMERK LTDA.', 'IVERMECTINA 1%'),
(209, 'PORCILIS APP', 'INTERVET CHILE LTDA.', 'VACUNA INACTIVADA ACTINOBACI'),
(210, 'ULTRAFIL', 'DRAG PHARMA CHILE INVETEC S.', 'BETAMETASONA DIPROPIONATO, C'),
(211, 'ANCOMICINA L.A', 'DRAG PHARMA CHILE INVETEC S.', 'OXITETRACICLINA 20%'),
(212, '', 'DRAG PHARMA CHILE INVETEC S.', 'SULFADOXINA, TRIMETOPRIMA, L'),
(217, 'RANK L.A.', 'INTERVET CHILE LTDA.', 'IVERMECTINA 1%'),
(219, 'BIOTIZONA 5%', 'EXIMERK LTDA.', 'ENROFLOXACINO 5%'),
(225, '', 'AGROVET LTDA.', 'HIERRO DEXTRANO'),
(230, '', 'DRAG PHARMA CHILE INVETEC S.', 'SULFAQUINOXALINA 3,103%'),
(237, 'SYNOVEX S', 'PFIZER CHILE S.A.', 'PROGESTERONA 25 MG, ESTRADIO'),
(238, 'SYNOVEX H', 'PFIZER CHILE S.A.', 'TESTOSTERONA PROPIONATO 25 M'),
(239, 'SYNOVEX C', 'PFIZER CHILE S.A.', 'PROGESTERONA 25 MG, ESTRADIO'),
(242, 'UBRISEC', 'FARQUIMICA SPA', 'CLOXACILINA 500 MG, NEOMICIN'),
(245, 'COSUMIX PLUS 75%', 'NOVARTIS CHILE S.A.', 'SULFACLORPIRIDAZINA, TRIMETR'),
(250, 'VIRBAC PEROXYDEX', 'VETERQUIMICA S.A.', 'PEROXIDO DE BENZOILO'),
(255, 'VIRBAC DEXORYL', 'VETERQUIMICA S.A.', 'GENTAMICINA 0.3%, TIABENDAZO'),
(256, 'BAYTRIL 150 MG', 'BAYER S.A.', 'ENROFLOXACINO 150 MG'),
(257, 'BAYTRIL 15 MG', 'BAYER S.A.', 'ENROFLOXACINO'),
(261, 'LATRAZ 12,5%', 'EXIMERK LTDA.', 'AMITRAZ 12.5%'),
(271, 'FRONTLINE 10% TOP SPOT', 'SANOFI PASTEUR S.A.', 'FIPRONIL 10%'),
(274, 'EQUEST', 'PFIZER CHILE S.A.', 'MOXIDECTINA 20 MG/ML'),
(278, '', 'LABORATORIO VETERINARIO QUIM', 'COLISTINA 2%'),
(280, 'BILIFAR', 'DRAG PHARMA CHILE INVETEC S.', 'SALES DE SODIO, CALCIO, COBA'),
(286, 'EXCENEL', 'PFIZER CHILE S.A.', 'CEFTIOFUR CLORHIDRATO 53,3 M'),
(288, 'FORTECILINA L.A.', 'BAYER S.A.', 'AMOXICILINA TRIHIDRATO'),
(289, 'ADDITIVA', 'DRAG PHARMA CHILE INVETEC S.', 'AMPICILINA, CLOXACILINA SODI'),
(293, 'AVIPRO 101 CORYZA', 'ENCIPHARM LTDA.', 'VACUNA INACTIVADA CORIZA AVI'),
(296, 'BAIEX 1%', 'EXIMERK LTDA.', 'PERMETRINA 1%'),
(297, 'BIFETACEL 10%', 'LABORATORIOS MICROSULES CHIL', 'FENBENDAZOL 10%'),
(299, 'CEVAC CEVA MASS L', 'CHEMIE S.A.', 'VACUNA VIVA BRONQUITIS INFEC'),
(300, 'RANK PLUS', 'INTERVET CHILE LTDA.', 'IVERMECTINA, PIRANTEL PAMOAT'),
(307, 'CANIGEN MHA2PPI/L', 'VETERQUIMICA S.A.', 'VACUNA VIVA DISTEMPER CANINO'),
(309, '', 'LABORATORIO VETERINARIO QUIM', 'OXITETRAXICLINA 40%'),
(311, 'VANGUAD PLUS CPV', 'PFIZER CHILE S.A.', 'VACUNA VIVA PARVOVIROSIS CAN'),
(312, 'VANGUARD PLUS 5/L', 'PFIZER CHILE S.A.', 'VACUNA VIVA DISTEMPER CANINO'),
(315, '', 'LABORATORIO VETERINARIO QUIM', 'SULFAMETAZINA, TRIMETOPRIMA'),
(318, 'CEVA ND IB IBD K', 'CHEMIE S.A.', 'VACUNA INACTIVADA BRONQUITIS'),
(320, 'DRONTAL CATS', 'BAYER S.A.', 'PRAZIQUANTEL, PIRANTEL PAMOA'),
(322, '', 'BAYER S.A.', 'FLUMETASONA'),
(325, 'OXILEN L.A.', 'CHEMIE S.A.', 'OXITETRACICLINA DIHIDRATO 21'),
(326, 'IVERVET', 'CHEMIE S.A.', 'IVERMECTINA 1%'),
(328, 'BIOSUSPEN RETARD', 'FARQUIMICA SPA', 'DEXAMETASONA, DIHIDROESTREPT'),
(333, '', 'FARQUIMICA SPA', 'CALCIO, VITAMINA D3, MAGNESI'),
(335, 'POL-V-OTICO', 'EXIMERK LTDA.', 'ACIDO BORICO, BENZOCAINA, NE'),
(340, '', 'AGROVET LTDA.', 'TILOSINA'),
(342, 'CORTCYCLINE', 'SANOFI PASTEUR S.A.', 'NEOMICINA, PENICILINA G SODI'),
(343, '', 'AGROVET LTDA.', 'OXITETRACICLINA L.A.'),
(344, '', 'AGROVET LTDA.', 'PENICILINA G BENZATINA, PENI'),
(345, '', 'DIAGNOTEC COMERCIAL S.A.', 'IVERMECTINA 1%'),
(349, 'CANIFORT', 'DRAG PHARMA CHILE INVETEC S.', 'FEBANTEL, PIRANTEL PAMOATO, '),
(350, 'AMITRAZ 12,5%', 'EXIMERK LTDA.', 'AMITRAZ 12,5%'),
(351, 'VETERMICINA SPRAY', 'VETERQUIMICA S.A.', 'OXITETRACICLINA CLORHIDRATO'),
(352, 'CEVA ND IB EDS K', 'CHEMIE S.A.', 'VACUNA INACTIVADA BRONQUITIS'),
(354, 'FLOXAGEN', 'CHEMIE S.A.', 'ENROFLOXACINO 5%'),
(355, 'ERSINIA C', 'NOVARTIS CHILE S.A.', 'VACUNA INACTIVADA ENFERMEDAD'),
(356, 'CLOSTRIBAC 8', 'PFIZER CHILE S.A.', 'VACUNA INACTIVADA CLOSTRIDIO'),
(357, 'ADVANTAGE 10%', 'BAYER S.A.', 'IMIDACLOPRIDA 10%'),
(358, 'DRONTAL', 'BAYER S.A.', 'PIRANTEL PAMOATO, FEBANTEL'),
(361, 'OVO 6', 'DRAG PHARMA CHILE INVETEC S.', 'MEDROXIPROGESTERONA ACETATO '),
(362, 'PRAZIVERMIC', 'DRAG PHARMA CHILE INVETEC S.', 'LEVAMIZOL CLORHIDRATO, PRAZI'),
(363, 'INVERMIC PLUS', 'DRAG PHARMA CHILE INVETEC S.', 'LEVAMIZOL CLORHIDRATO, VIT B'),
(364, '', 'LABORATORIO VETERINARIO QUIM', 'BENZOCAINA 20%'),
(365, '', 'VETERQUIMICA S.A.', 'FACTOR LIBERADOR LH, LH-RH A'),
(366, 'TABERMIC 500', 'DRAG PHARMA CHILE INVETEC S.', 'CLOSANTEL'),
(368, 'INVERMIC 2%', 'DRAG PHARMA CHILE INVETEC S.', 'LEVAMIZOL 2%'),
(369, 'TABERMIC 10%', 'DRAG PHARMA CHILE INVETEC S.', 'CLOSANTEL 10%'),
(370, 'BOVITROID', 'DRAG PHARMA CHILE INVETEC S.', 'CLOSANTEL, LEVAMIZOL CLORHID'),
(371, 'CEVA LT L', 'CHEMIE S.A.', 'VACUNA VIVA LARINGOTRAQUEITI'),
(372, 'FLOXAGEN 15,63%', 'CHEMIE S.A.', 'ENROFLOXACINO 15.63%'),
(373, '', 'CHEMIE S.A.', 'ALBENDAZOL,PRAZIQUANTEL'),
(374, 'GELOTICO', 'CHEMIE S.A.', 'NORFLOXACINO, KETOCONAZOL, L'),
(375, 'EQUS PLUS', 'DRAG PHARMA CHILE INVETEC S.', 'DIMETLSULFOXIDO, FENILBUTAZO'),
(376, 'CEVAC CEVA IBD L', 'CHEMIE S.A.', 'VACUNA INACTIVADA GUMBORO'),
(377, '', 'LABORATORIOS MICROSULES CHIL', 'IVERMECTINA 1%'),
(381, '', 'LABORATORIO BAGI CHILE S.A.', 'IVERMECTINA LA 1%'),
(384, 'DIVOCTEN 1%', 'EXIMERK LTDA.', 'IVERMECTINA 1%'),
(389, 'CICLO 6', 'DRAG PHARMA CHILE INVETEC S.', 'TESTOSTERONA ENANTATO'),
(390, 'SINPULSPRAY', 'DRAG PHARMA CHILE INVETEC S.', 'PERMETRINA, PIPERONIL BUTOXI'),
(392, 'DORAZEL', 'DRAG PHARMA CHILE INVETEC S.', 'PERMETRINA 1%'),
(393, 'FEBRECTAL', 'DRAG PHARMA CHILE INVETEC S.', 'FLUNIXINO MEGLUMINATO 8.3 %'),
(395, 'NONPET 20 MG', 'DRAG PHARMA CHILE INVETEC S.', 'MEGESTROL ACETATO 20 MG'),
(396, 'VERMIQUANTEL 50 MG', 'DRAG PHARMA CHILE INVETEC S.', 'PRAZIQUANTEL 50 MG'),
(397, 'VANGUARD 8 - 5 CV/L', 'PFIZER CHILE S.A.', 'VACUNA VIVA DISTEMPER CANINO'),
(402, 'DORAZEL PLUS 2,5%', 'DRAG PHARMA CHILE INVETEC S.', 'PERMETRINA, PIPERONIL BUTOXI'),
(405, 'CEVAC CEVA BI L', 'CHEMIE S.A.', 'VACUNA VIVA BRONQUITIS INFEC'),
(406, 'CEVAC CEVA FP L', 'CHEMIE S.A.', 'VACUNA VIVA VIRUELA AVIAR'),
(407, 'FLOMETRIL', 'DRAG PHARMA CHILE INVETEC S.', 'ERGONOVINA, ETINILESTRADIOL,'),
(408, 'TERIL', 'DRAG PHARMA CHILE INVETEC S.', 'SIMETICONA'),
(414, 'SINPULDRY', 'DRAG PHARMA CHILE INVETEC S.', 'CARBARILO 2%'),
(415, 'VETANCID', 'CHEMIE S.A.', 'AMITRAZ, CIPERMETRINA'),
(416, 'BIFETACEL PLUS', 'LABORATORIOS MICROSULES CHIL', 'CLOSANTEL 16,67%, FENBENDAZO'),
(417, 'SUPOLEN 10%', 'DRAG PHARMA CHILE INVETEC S.', 'TRICLABENDAZOL 10%'),
(421, 'COXISTAC 12%', 'PHIBRO ANIMAL HEALTH HOLDING', 'SALINOMICINA SODICA 12%'),
(425, 'ENROFARM 10%', 'FARMACOLOGIA EN AQUACULTURA ', 'ENROFLOXACINO 10%'),
(428, 'CEVA ND IB IBD EDS K', 'CHEMIE S.A.', 'VACUNA INACTIVADA BRONQUITIS'),
(430, '', 'AGROVET LTDA.', 'ANTIGENO ROSA DE BENGALA'),
(436, 'SALIX', 'INTERVET CHILE LTDA.', 'FUROSEMIDA'),
(441, '', 'FARMACOLOGIA EN AQUACULTURA ', 'ACIDO OXOLINICO 80%'),
(442, '', 'FARMACOLOGIA EN AQUACULTURA ', 'FLUMEQUINA 80%'),
(443, 'ABAMEC 1%', 'INTERVET CHILE LTDA.', 'ABAMECTINA 1%'),
(445, 'VANGUARD PLUS 5CV/L', 'PFIZER CHILE S.A.', 'VACUNA VIVA DISTEMPER CANINO'),
(446, 'VANGUARD PLUS CPV/CV', 'PFIZER CHILE S.A.', 'VACUNA VIVA PARVOVIROSIS CAN'),
(447, 'REVALOR G', 'INTERVET CHILE LTDA.', 'ACETATO DE TREMBOLONA, ESTRA'),
(448, 'ABAMEC L.A. 1%', 'INTERVET CHILE LTDA.', 'ABAMECTINA 1%'),
(451, 'MEBERMIC', 'DRAG PHARMA CHILE INVETEC S.', 'MEBENDAZOL, PRAZIQUANTEL'),
(452, 'STRESNIL', 'DRAG PHARMA CHILE INVETEC S.', 'AZAPERONA 4%'),
(453, 'RIMADYL 100 MG', 'PFIZER CHILE S.A.', 'CARPROFENO 100 MG'),
(454, 'SINPULKILL', 'DRAG PHARMA CHILE INVETEC S.', 'DIAZINON'),
(455, '', 'DRAG PHARMA CHILE INVETEC S.', 'HIDROCLOROTIAZIDA'),
(456, 'IMAVEROL 10%', 'DRAG PHARMA CHILE INVETEC S.', 'ENILCONAZOL 10%'),
(458, 'VETRIMOXIN L.A', 'CHEMIE S.A.', 'AMOXICILINA TRIHIDRATO 15%'),
(464, 'ADVANTAGE 10%', 'BAYER S.A.', 'IMIDACLOPRIDA 10%'),
(467, 'CEVA EDS K', 'CHEMIE S.A.', 'VACUNA INACTIVADA SINDROME C'),
(469, 'ENROMIC 20%', 'FARQUIMICA SPA', 'ENROFLOXACINO 20%'),
(471, 'CEVA IBD K', 'CHEMIE S.A.', 'VACUNA INACTIVADA GUMBORO'),
(473, 'OVAPRIM', 'ATSA CHILE S.A.', 'FACTOR LIBERADOR DE LH, SGNR'),
(478, 'FLOX-FEED 80%', 'VETERQUIMICA S.A.', 'FLUMEQUINA 80%'),
(479, 'CEVA ND IB K', 'CHEMIE S.A.', 'VACUNA INACTIVADA BRONQUITIS'),
(480, 'CEVA ND EDS K', 'CHEMIE S.A.', 'VACUNA INACTIVADA NEWCASTLE,'),
(481, 'BANDROL 80%', 'VETERQUIMICA S.A.', 'ACIDO OXOLINICO 80%'),
(482, 'ORALVAX HE', 'INTERVET CHILE LTDA.', 'VACUNA VIVA ENTERITIS HEMORR'),
(484, '', 'FARMACOLOGIA EN AQUACULTURA ', 'FLUMEQUINA 50%'),
(485, 'TERRIVET 80%', 'VETERQUIMICA S.A.', 'OXITETRACICLINA 80%'),
(487, 'DF-7', 'DRAG PHARMA CHILE INVETEC S.', 'IVERMECTINA, PIRANTEL PAMOAT'),
(489, 'COBACTAN LC', 'INTERVET CHILE LTDA.', 'CEFQUINOMA'),
(491, 'PNEUMABORT- K + 1B', 'PFIZER CHILE S.A.', 'VACUNA INACTIVADA RINONEUMON'),
(493, 'FLAVOMYCIN', 'INTERVET CHILE LTDA.', 'FLAVOFOSFOLIPOL 4%'),
(494, 'SANIUM PLUS', 'EXIMERK LTDA.', 'FEBANTEL, PIRANTEL PAMOATO, '),
(496, '', 'ECOLAB S.A.', 'CLORHEXIDINA DIGLUCONATO 0,5'),
(497, 'MYCO SHIELD', 'NOVARTIS CHILE S.A.', 'VACUNA INACTIVADA NEUMONIA E'),
(503, 'FLOVOVERMIC', 'DRAG PHARMA CHILE INVETEC S.', 'FLUBENDAZOL, PIRANTEL PAMOAT'),
(504, 'CATTLEMASTER 4', 'PFIZER CHILE S.A.', 'VACUNA VIVA IBR, PARAINFLUEN'),
(506, 'LAYERMUNE SE', 'CHEMIE S.A.', 'VACUNA INACTIVADA SALMONELLA'),
(508, '', 'ILENDER CHILE S.A.', 'ENROFLOXACINO 10%'),
(511, 'NAQUASONE', 'INTERVET CHILE LTDA.', 'TRICLORMETIAZIDA, DEXAMETASO'),
(513, 'PENCIVET', 'INTERVET CHILE LTDA.', 'ESTREPTOMICINA, PENICILINA G'),
(514, 'NONPET 5 MG', 'DRAG PHARMA CHILE INVETEC S.', 'ACETATO MEGESTROL 5MG'),
(516, 'PACIFOR 1%', 'DRAG PHARMA CHILE INVETEC S.', 'ACEPROMAZINA MALEATO 1%'),
(517, 'PACIFOR', 'DRAG PHARMA CHILE INVETEC S.', 'ACEPROMAZINA MALEATO 1%'),
(518, 'EPRINEX 0,5%', 'SANOFI PASTEUR S.A.', 'EPRINOMECTINA 0.5%'),
(519, 'COSTIN MIX 20', 'VETERQUIMICA S.A.', 'COLISTINA 2%'),
(523, 'CYDECTIN', 'PFIZER CHILE S.A.', 'MOXIDECTINA'),
(524, 'MEFLOSYL', 'PFIZER CHILE S.A.', 'FLUNIXINO MEGLUMINA 83 MG/ML'),
(525, 'RIMADYL 25 MG', 'PFIZER CHILE S.A.', 'CARPROFENO 25 MG'),
(526, 'TRANSIMED', 'DRAG PHARMA CHILE INVETEC S.', 'POLIMIXINA, MICONAZOL, PREDN'),
(527, 'HASYUN 0,25 MG', 'DRAG PHARMA CHILE INVETEC S.', 'DEXAMETAZONA 0,25 MG'),
(528, '', 'DRAG PHARMA CHILE INVETEC S.', 'METAMIZOL SODICO 50%'),
(529, 'DEPODRAG', 'DRAG PHARMA CHILE INVETEC S.', 'TRIAMCINOLONA ACETONIDO'),
(530, 'VITAMINA TRIPLE B1, B6, B12', 'DRAG PHARMA CHILE INVETEC S.', 'VITAMINA B1, B6, B12'),
(531, '', 'LABORATORIO VETERINARIO QUIM', 'YODO 0,7 %'),
(539, 'REVALOR H', 'INTERVET CHILE LTDA.', 'ACETATO DE TREMBOLONA, ESTRA'),
(541, 'SOFOREN PLUS', 'NOVARTIS CHILE S.A.', 'LEVAMISOL CLORHIDRATO, TRICL'),
(543, 'SYNULOX', 'PFIZER CHILE S.A.', 'AMOXICILINA, CLAVULANATO POT'),
(544, 'VIRBAC EQUIMAX', 'AGROVET LTDA.', 'IVERMECTINA, PRAZIQUANTEL'),
(546, 'AVET 20 % L.A.', 'DISTRIBUIDORA AGROLAND LTDA.', 'AMOXICILINA 20%'),
(547, 'ROXACIN 10%', 'AGROVET LTDA.', 'ENROFLOXACINO'),
(548, 'CALIERCORTIN 0,4%', 'AGROVET LTDA.', 'DEXAMETASONA FOSFATO SODICO '),
(549, 'CORTIVET', 'PRO-VET S.A.', 'DEXAMETASONA SODIO FOSFATO 0'),
(551, 'OXANOL 20% L.A.', 'DISTRIBUIDORA AGROLAND LTDA.', 'OXITETRACICLINA DIHIDRATO 21'),
(552, 'XYLAVET 2%', 'DISTRIBUIDORA AGROLAND LTDA.', 'XILAZINA 2%'),
(554, '', 'FARQUIMICA SPA', 'ESPECTINOMICINA, LINCOMICINA'),
(555, 'PORCINE PILI SHILED', 'NOVARTIS CHILE S.A.', 'VACUNA INACTIVADA COLIBACILO'),
(556, 'BOVINE PILI SHILED', 'NOVARTIS CHILE S.A.', 'VACUNA INACTIVADA E.COLI'),
(558, 'KETOSTOP', 'DRAG PHARMA CHILE INVETEC S.', 'KETAMINA CLORHIDRATO 10%'),
(560, '', 'VETERQUIMICA S.A.', 'GENTAMICINA 10%'),
(561, 'QUIFLUMIL 5%', 'VETERQUIMICA S.A.', 'ENROFLOXACINO 5%'),
(563, 'DITRAL 24', 'VETERQUIMICA S.A.', 'SULFADOXINA 20% + TRIMETOPRI'),
(564, 'NOBILIS SALENVAC', 'INTERVET CHILE LTDA.', 'VACUNA INACTIVADA SALMONELLA'),
(568, 'ESTRUMATE', 'INTERVET CHILE LTDA.', 'CLOPROSTENOL'),
(569, 'DONOMAX', 'PRO-VET S.A.', 'DOXICICLINA HICLATO 20 MG'),
(570, 'VETAPROFEN', 'PRO-VET S.A.', 'KETOPROFENO'),
(571, '', 'CHEMIE S.A.', 'TIOPENTAL SODICO 1G'),
(572, 'VETAPROFEN', 'PRO-VET S.A.', 'KETOPROFENO 20 MG'),
(573, 'INVERMIC 5,5%', 'DRAG PHARMA CHILE INVETEC S.', 'LEVAMIZOL CLORHIDRATO 5,5%'),
(578, '', 'CHEMIE S.A.', 'CONDROITIN SULFATO A'),
(583, 'NAXPET', 'DRAG PHARMA CHILE INVETEC S.', 'KETOPROFENO 10 MG'),
(584, 'AQUAVAC ERM INMERSION', 'INTERVET CHILE LTDA.', 'VACUNA INACTIVADA ENFERMEDAD'),
(586, 'VIRBAMEC L.A', 'AGROVET LTDA.', 'IVERMECTINA 1%'),
(587, 'CALFOMA 12', 'DRAG PHARMA CHILE INVETEC S.', 'GLUCONATO DE CALCIO, VITAMIN'),
(588, 'RECOMBITEK C6/CV', 'SANOFI PASTEUR S.A.', 'VACUNA VIVA DISTEMPER CANINO'),
(589, 'RECOMBITEK C6', 'SANOFI PASTEUR S.A.', 'VACUNA VIVA DISTEMPER CANINO'),
(591, '', 'CHEMIE S.A.', 'CLORPIRIFOS 10%'),
(592, 'SUPOLEN', 'DRAG PHARMA CHILE INVETEC S.', 'TRICLABENDAZOL'),
(593, '', 'VETERQUIMICA S.A.', 'GENTAMICINA 10%'),
(594, 'SPECTRYL', 'INTERVET CHILE LTDA.', 'CEFALEXINA'),
(595, 'TRICLAVET 10%', 'PRO-VET S.A.', 'TRICLABENDAZOL 10%'),
(600, 'ROSTRUM 10%', 'DRAG PHARMA CHILE INVETEC S.', 'ENROFLOXACINO 10%'),
(602, 'ROSTRUM', 'DRAG PHARMA CHILE INVETEC S.', 'ENROFLOXACINO 50MG'),
(611, 'QUIFLUMIL 10%', 'VETERQUIMICA S.A.', 'ENROFLOXACINO 10%'),
(612, 'LEUKOCELL 2', 'PFIZER CHILE S.A.', 'VACUNA INACTIVADA LEUCEMIA F'),
(613, 'FULLDIP 0,5% SELLADOR', 'T.P.I. S.A.', 'YODO 0.5%'),
(614, 'BAYVAROL', 'BAYER S.A.', 'FLUMETRINA 3.6 MG'),
(615, 'DECTIVER', 'QUIMICA HOLANDA LTDA.', 'IVERMECTINA 1%'),
(616, 'ERITROFEED 80%', 'VETERQUIMICA S.A.', 'ERITROMICINA 80%'),
(617, 'FRYVACC 1', 'NOVARTIS CHILE S.A.', 'VACUNA INACTIVADA CONTRA FLA'),
(621, 'CIPROVET LABYES', 'CHEMIE S.A.', 'CIPROFLOXACINO, CONDROITIN S'),
(623, 'INVECTINA 1%', 'DRAG PHARMA CHILE INVETEC S.', 'IVERMECTINA 1%'),
(624, 'LOMBRIMIC', 'DRAG PHARMA CHILE INVETEC S.', 'FENBENDAZOL 10%'),
(625, 'MOSKIMIC', 'DRAG PHARMA CHILE INVETEC S.', 'PERMETRINA, PIPERONIL BUTOXI'),
(638, 'NAXPET', 'DRAG PHARMA CHILE INVETEC S.', 'KETOPROFENO 1%'),
(640, 'GALGOVET', 'PRO-VET S.A.', 'PRAZIQUANTEL, PIRANTEL PAMOA'),
(643, 'CREMA 6A', 'CHEMIE S.A.', 'NEOMICINA, BACITRACINA, GRIS'),
(645, 'FLUMEPREN 80', 'CENTROVET LTDA.', 'FLUMEQUINA 80%'),
(646, '', 'CENTROVET LTDA.', 'FLUMEQUINA 50%'),
(648, 'LITOFLOX 80%', 'CENTROVET LTDA.', 'ACIDO OXOLINICO 80%'),
(649, 'DONOMAX', 'PRO-VET S.A.', 'DOXICICLINA 100 MG'),
(650, 'TIPERTOX', 'CHEMIE S.A.', 'CIPERMETRINA 5,6 %, DIAZINON'),
(652, 'METYCEL', 'PRO-VET S.A.', 'ESPIRAMICINA, METRONIDAZOL'),
(654, 'COVEXIN 8', 'INTERVET CHILE LTDA.', 'VACUNA INACTIVADA CLOSTRIDIO'),
(655, 'SLICE 0,2%', 'INTERVET CHILE LTDA.', 'EMAMECTINA BENZOATO 0,2%'),
(659, 'GENADRAG', 'DRAG PHARMA CHILE INVETEC S.', 'NANDROLONA CICLOHEXILPROPION'),
(660, 'LEVANTEL 2%', 'VETERQUIMICA S.A.', 'LEVAMIZOL CLORHIDRATO'),
(661, 'MELTRA', 'CHEMIE S.A.', 'CLOSANTEL 18,75%, FENBENDAZO'),
(662, 'ENROXINA 50 MG', 'CHEMIE S.A.', 'ENROFLOXACINO'),
(664, 'UNIVAX BD', 'INTERVET CHILE LTDA.', 'VACUNA VIVA GUMBORO'),
(665, 'MASTILAC', 'PFIZER CHILE S.A.', 'AMOXICILINA 140 MG, ACIDO CL'),
(667, '', 'FARMACOLOGIA EN AQUACULTURA ', 'TRICLABENDAZOL 10%'),
(668, 'TOP RACE', 'CHEMIE S.A.', 'CALCIO, MAGNESIO, POTASIO, S'),
(669, 'VETRANQUIL', 'CHEMIE S.A.', 'ACEPROMAZINA MALEATO'),
(670, 'BAYMEC PROLONG', 'BAYER S.A.', 'IVERMECTINA 1%'),
(672, 'STECLIN 20% L.A.', 'NOVARTIS CHILE S.A.', 'OXITETRACICLINA 20%'),
(673, 'ENROMIC 80%', 'FARQUIMICA SPA', 'ENROFLOXACINO 80%'),
(674, 'ENROMIC 5%', 'FARQUIMICA SPA', 'ENROFLOXACINO 5%'),
(675, 'QUINOVET 50 MG', 'PRO-VET S.A.', 'ENROFLOXACINO 50 MG'),
(679, 'PYRANPET 5%', 'VETERQUIMICA S.A.', 'PIRANTEL PAMOATO 50 MG'),
(680, 'PEXTRAN 1%', 'VETERQUIMICA S.A.', 'ACEPROMAZINA MALEATO'),
(681, 'QUIFLUMIL', 'VETERQUIMICA S.A.', 'ENROFLOXACINO 50 MG'),
(682, 'DIMODROL', 'VETERQUIMICA S.A.', 'MEDROXIPROGESTERONA ACETATO'),
(683, 'MOTIC', 'VETERQUIMICA S.A.', 'TRIAMCINOLONA ACETONIDO'),
(684, 'CLINACOX', 'DRAG PHARMA CHILE INVETEC S.', 'DICLAZURILO 0,5%'),
(685, 'SOFOMAX', 'INTERVET CHILE LTDA.', 'TRICLABENDAZOL 10%, ABAMECTI'),
(686, '', 'DIAGNOTEC COMERCIAL S.A.', 'CEFTIOFUR CLORHIDRATO 5,34%'),
(689, 'HISTOCREM', 'EXIMERK LTDA.', 'TRICLOROCARBAN, BENZOCAINA, '),
(693, 'CALIMICINA 200 CL', 'AGROVET LTDA.', 'OXITETRACICLINA 20% L.A.'),
(695, '', 'VETERQUIMICA S.A.', 'OXITOCINA 10 U.I./ML'),
(696, '', 'AGROVET LTDA.', 'MENBUTONA 10%'),
(700, 'AQUI-S', 'BAYER S.A.', 'ISOEUGENOL'),
(702, '', 'BAYER S.A.', 'OXITETRACICLINA 10%'),
(703, 'BUFFODINE', 'ANIMAL SERVICES LATINA S.A.', 'SOLUCION DE YODO AL 1%'),
(704, 'PARACOX 5', 'INTERVET CHILE LTDA.', 'VACUNA VIVA COCCIDIOSIS AVIA'),
(706, '', 'FARQUIMICA SPA', 'BENCILPENICILINA PROCAINA, D'),
(707, 'POWER BROUWER', 'CHEMIE S.A.', 'IMIDACLOPRIDA 8%'),
(708, 'POURACIDE', 'PFIZER CHILE S.A.', 'PERMETRINA, PIPERONIL BUTOXI'),
(710, '', 'VETERQUIMICA S.A.', 'OXITETRACICLINA, NEOMICINA, '),
(711, '', 'AGROVET LTDA.', 'IMIDACLOPRIDA 10%'),
(714, 'BAYTRIL MAX', 'BAYER S.A.', 'ENROFLOXACINO 10%'),
(716, 'FRYVACC 2', 'NOVARTIS CHILE S.A.', 'VACUNA INACTIVADA ENFERMEDAD'),
(718, '', 'DRAG PHARMA CHILE INVETEC S.', 'ACRIFLAVINA'),
(719, 'RALGRO', 'INTERVET CHILE LTDA.', 'ZERANOL'),
(720, 'SUPOLEN PLUS', 'DRAG PHARMA CHILE INVETEC S.', 'FENBENDAZOL, TRICLABENDAZOL'),
(721, 'ROSTRUM 150 MG', 'DRAG PHARMA CHILE INVETEC S.', 'ENROFLOXACINO 150 MG'),
(723, 'ROSTRUM 5%', 'DRAG PHARMA CHILE INVETEC S.', 'ENROFLOXACINO 5%'),
(725, 'CALBIOFARM', 'FARMACOLOGIA EN AQUACULTURA ', 'BENZOATO DE EMAMECTINA 0,2%'),
(726, 'STAFAC 500-20', 'PHIBRO ANIMAL HEALTH HOLDING', 'VIRGINIAMICINA 2%'),
(727, 'STAFAC 500', 'PHIBRO ANIMAL HEALTH HOLDING', 'VIRGINIAMICINA 50%'),
(728, 'STAFAC L', 'PHIBRO ANIMAL HEALTH HOLDING', 'VIRGINIAMICINA 2%'),
(733, 'RESPISURE ONE', 'PFIZER CHILE S.A.', 'VACUNA INACTIVADA NEUMONIA E'),
(734, 'RENOGEN', 'NOVARTIS CHILE S.A.', 'VACUNA VIVA HETEROLOGA ENFER'),
(735, 'SURAZE', 'DRAG PHARMA CHILE INVETEC S.', 'CUMAFOS, PROPOXUR, SULFONILA'),
(736, 'AMPLIFORT', 'FARQUIMICA SPA', 'AMPICILINA 75 MG, CLOXACILIN'),
(737, 'VIRBAC ZOLETIL 50', 'VETERQUIMICA S.A.', 'TILETAMINA 2,5%, ZOLAZEPAN 2'),
(739, 'COMPOL ADE', 'QUIMICA HOLANDA LTDA.', 'VITAMINAS A, D3, E'),
(740, 'MINOXEL', 'QUIMICA HOLANDA LTDA.', 'CEFTIOFUR CLORHIDRATO 5%'),
(742, 'ATROVERAN', 'PRO-VET S.A.', 'ATROPINA, PAPAVERINA'),
(743, '', 'PRO-VET S.A.', 'OXITOCINA 10 UI/ML'),
(744, '', 'PRO-VET S.A.', 'LIDOCAINA CLORHIDRATO 2%'),
(745, '', 'PRO-VET S.A.', 'FENILBUTAZONA, LIDOCAINA'),
(746, '', 'PRO-VET S.A.', 'FENILBUTAZONA 20%'),
(747, 'VET-PRESS', 'PRO-VET S.A.', 'FUROSEMIDA'),
(748, '', 'PRO-VET S.A.', 'GENTAMICINA 10%'),
(754, '', 'AGROVET LTDA.', 'MEPIVACAINA CLORHIDRATO'),
(755, '', 'AGROVET LTDA.', 'ACIDO ASCORBICO'),
(757, '', 'AGROVET LTDA.', 'FENILBUTAZONA, DIMETILSULFOX'),
(758, '', 'AGROVET LTDA.', 'ACEPROMAZINA MALEATO 1%'),
(759, 'HISTAMIL', 'AGROVET LTDA.', 'CLORFENAMINA MALEATO'),
(760, 'ATRIBEN', 'AGROVET LTDA.', 'TRIAMCINOLONA ACETONIDO'),
(761, 'VIVIRAM-V', 'AGROVET LTDA.', 'DOXAPRAM CLORHIDRATO'),
(762, 'PILERAN', 'AGROVET LTDA.', 'METOCLOPRAMIDA CLORHIDRATO'),
(763, '', 'AGROVET LTDA.', 'CLORPIRIFOS 10%'),
(764, 'COLIRAMA VIRAL', 'AGROVET LTDA.', 'NITROFURAZONA, IDOXURIDINA, '),
(765, 'PROTELIV', 'AGROVET LTDA.', 'COLINA, NICOTINAMIDA, HOMATR'),
(766, 'PILERAN', 'AGROVET LTDA.', 'METOCLOPRAMIDA CLORHIDRATO'),
(767, 'NOMAT', 'AGROVET LTDA.', 'CLOROFILA, SAL CUPROSODICA'),
(768, 'POTEN PET', 'AGROVET LTDA.', 'SULFADIAZINA, COMPLEJO VITAM'),
(769, 'ACEDAN ORAL', 'AGROVET LTDA.', 'ACEPROMAZINA MALEATO 1%'),
(770, 'ACEDAN INYECTABLE', 'AGROVET LTDA.', 'ACEPROMAZINA MALEATO'),
(772, '', 'AGROVET LTDA.', 'FUROSEMIDA'),
(773, 'TRISOPRIM', 'AGROVET LTDA.', 'SULFADIAZINA, TRIMETOPRIMA'),
(774, '', 'AGROVET LTDA.', 'FENILBUTAZONA'),
(778, '', 'AGROVET LTDA.', 'DEXAMETASONA TRIMETILACETATO'),
(780, '', 'AGROVET LTDA.', 'COMPLEJO VITAMINICO B, HIDRO'),
(781, '', 'PFIZER CHILE S.A.', 'VACUNA VIVA BRONQUITIS INFEC'),
(782, '', 'PFIZER CHILE S.A.', 'VACUNA VIVA NEWCASTLE, TIPO '),
(783, '', 'PFIZER CHILE S.A.', 'VACUNA VIVA NEWCASTLE, TIPO '),
(788, '', 'PFIZER CHILE S.A.', 'VACUNA VIVA LARINGOTRAQUEITI'),
(789, '', 'PFIZER CHILE S.A.', 'VACUNA INACTIVADA HAEMOPHILU'),
(790, '', 'PFIZER CHILE S.A.', 'VACUNA VIVA VIRUELA AVIAR'),
(791, '', 'PFIZER CHILE S.A.', 'VACUNA VIVA GUMBORO'),
(792, 'APETIL', 'AGROVET LTDA.', 'ESTANOZOLOL, CIPROHEPTADINA '),
(793, '', 'AGROVET LTDA.', 'GLUCONATO DE CALCIO, MAGNESI'),
(794, '', 'PFIZER CHILE S.A.', 'VACUNA VIVA TENOSINOVITIS AV'),
(798, '', 'PFIZER CHILE S.A.', 'VACUNA VIVA ENCEFALOMIELITIS'),
(805, '', 'PFIZER CHILE S.A.', 'VACUNA INACTIVADA SINDROME C'),
(812, '', 'AGROVET LTDA.', 'PENICILINA G BENZATINA, PENI'),
(820, '', 'PFIZER CHILE S.A.', 'VACUNA VIVA MAREK, HVT, SERO'),
(823, '', 'PFIZER CHILE S.A.', 'VACUNA INACTIVADA SINDROME C'),
(830, 'DOVENIX', 'SANOFI PASTEUR S.A.', 'NITROXINIL 25%'),
(833, 'IMALGENE 50 MG/ML', 'SANOFI PASTEUR S.A.', 'KETAMINA CLORHIDRATO 5,77%'),
(834, 'IMALGENE', 'SANOFI PASTEUR S.A.', 'KETAMINA CLORHIDRATO 11,54 %'),
(839, 'HEMATOPAN', 'SANOFI PASTEUR S.A.', 'VITAMINA B12, TRIPTOFANO, ME'),
(842, 'KETOFEN 10%', 'SANOFI PASTEUR S.A.', 'KETOPROFENO 10%'),
(846, 'DUOTIN', 'SANOFI PASTEUR S.A.', 'ABAMECTINA 1%'),
(850, 'KETOFEN 5 MG', 'SANOFI PASTEUR S.A.', 'KETOPROFENO 5 MG'),
(851, 'KETOFEN 20 MG', 'SANOFI PASTEUR S.A.', 'KETOPROFENO 20 MG'),
(852, 'KETOFEN 1%', 'SANOFI PASTEUR S.A.', 'KETOPROFENO 1%'),
(853, 'KETOFEN 10 MG', 'SANOFI PASTEUR S.A.', 'KETOPROFENO 10 MG'),
(856, 'SUANOVIL', 'SANOFI PASTEUR S.A.', 'ESPIRAMICINA'),
(858, 'BIOSOLAMINE', 'SANOFI PASTEUR S.A.', 'AMINOICIDOS , VIT B12, ATP Y'),
(860, 'IVOMEC', 'SANOFI PASTEUR S.A.', 'IVERMECTINA 1%'),
(862, 'EQVALAN', 'SANOFI PASTEUR S.A.', 'IVERMECTINA 1,87%'),
(871, '', 'SANOFI PASTEUR S.A.', 'ERITROMICINA'),
(878, 'IVOMEC - F', 'SANOFI PASTEUR S.A.', 'IVERMECTINA 1%, CLORSULON 10'),
(880, 'STOMORGYL 10', 'SANOFI PASTEUR S.A.', 'ESPIRAMICINA, METRONIDAZOL'),
(894, 'NEGUVON', 'BAYER S.A.', 'TRICLORFON 97%'),
(895, 'COFORTA', 'BAYER S.A.', 'VITAMINA B12, BUTAFOSFANO, A'),
(896, 'NEGASUNT', 'BAYER S.A.', 'PROPOXUR 2%, CUMAFOS 3%, SUL'),
(897, 'CALFODEX', 'BAYER S.A.', 'BUTASFOSFANO, CALCIO GLUCONA'),
(898, 'BOLFO 1%', 'BAYER S.A.', 'PROPOXUR 1%'),
(901, 'SARNACURAN 50 EC', 'BAYER S.A.', 'FOXIM'),
(902, 'BOLFO', 'BAYER S.A.', 'PROPOXUR 0.94%'),
(904, 'BISOLVON', 'NOVOFARMA SERVICE S.A.', 'BROMHEXINA CLORHIDRATO 0,3%'),
(905, 'BUSCAPINA COMPOSITUM', 'NOVOFARMA SERVICE S.A.', 'N-BUTIL-BROMURO DE HIOSCINA '),
(906, 'PLANIPART', 'NOVOFARMA SERVICE S.A.', 'CLORHIDRATO DE CLENBUTEROL 0'),
(907, 'BAYCOX', 'BAYER S.A.', 'TOLTRAZURILO 2.5%'),
(909, 'BAYTICOL', 'BAYER S.A.', 'FLUMETRINA 1%'),
(911, 'BAYTRIL 5%', 'BAYER S.A.', 'ENROFLOXACINO'),
(912, 'BAYTRIL', 'BAYER S.A.', 'ENROFLOXACINO'),
(915, 'DRONTAL PLUS', 'BAYER S.A.', 'FEBANTEL 150 MG, PIRANTEL PA'),
(916, 'ASUNTOL', 'BAYER S.A.', 'CUMAFOS 1%'),
(917, 'BAYTRIL 50 MG.', 'BAYER S.A.', 'ENROFLOXACINO'),
(918, 'VIGANTOL ADE FUERTE', 'BAYER S.A.', 'VITAMINA A, D3, E'),
(924, '', 'CENTROVET LTDA.', 'BICARBONATO POTASIO, SULFATO'),
(926, 'TROVIL 5%', 'CENTROVET LTDA.', 'GENTAMICINA SULFATO 8,33%'),
(928, 'COLIMIC', 'DRAG PHARMA CHILE INVETEC S.', 'ATROPINA, PAPAVERINA'),
(929, '', 'DRAG PHARMA CHILE INVETEC S.', 'NEOSTIGMINA METILSULFATO'),
(930, 'VIVEFORT', 'DRAG PHARMA CHILE INVETEC S.', 'ESPARTEINA SULFATO, CAFEINA '),
(931, 'TOCOPER', 'DRAG PHARMA CHILE INVETEC S.', 'COBRE NAFTENATO'),
(932, '', 'DRAG PHARMA CHILE INVETEC S.', 'ICTIOL, BELLADONA'),
(933, '', 'DRAG PHARMA CHILE INVETEC S.', 'YODO 5%'),
(934, 'SINPULSHAMPOO', 'DRAG PHARMA CHILE INVETEC S.', 'PERMETRINA, PROPOXUR'),
(936, 'DOGUICAN', 'DRAG PHARMA CHILE INVETEC S.', 'DICLORVOS'),
(937, 'CAVIVET FORTE', 'DRAG PHARMA CHILE INVETEC S.', 'SALES MINERALES'),
(938, 'CATTI', 'DRAG PHARMA CHILE INVETEC S.', 'DICLORVOS'),
(939, 'NISCLEREX', 'DRAG PHARMA CHILE INVETEC S.', 'PERMETRINA 10%'),
(940, 'FLT', 'DRAG PHARMA CHILE INVETEC S.', 'AZUFRE 2% + PEROXIDO DE BENZ'),
(941, 'HEPROTEC', 'DRAG PHARMA CHILE INVETEC S.', 'COMPLEJO VITAMINA B, AMINOAC'),
(942, 'DIARREVET', 'DRAG PHARMA CHILE INVETEC S.', 'BENTONITA, FTALILSULFATIAZOL'),
(944, 'RESPIG', 'DRAG PHARMA CHILE INVETEC S.', 'TRIMETOPRIMA, SULFAMETOXAZOL'),
(945, 'EQUITON', 'DRAG PHARMA CHILE INVETEC S.', 'TRICLORFON 97%'),
(946, 'DOGUIVIT', 'DRAG PHARMA CHILE INVETEC S.', 'MULTIVITAMINICO'),
(947, 'CLINAFARM SPRAY', 'DRAG PHARMA CHILE INVETEC S.', 'ENILCONAZOL 15%'),
(948, 'CLINAFARM SMOKE', 'DRAG PHARMA CHILE INVETEC S.', 'ENILCONAZOL'),
(949, 'INVESPAS', 'DRAG PHARMA CHILE INVETEC S.', 'BENCETIMIDA CLORHIDRATO 0,16'),
(950, 'INVEADE', 'DRAG PHARMA CHILE INVETEC S.', 'VITAMINA A PALMILATO 4.000 U'),
(951, 'CALCIDOG', 'DRAG PHARMA CHILE INVETEC S.', 'CALCIO FOSFATO, CALCIO SULFA'),
(954, '', 'DRAG PHARMA CHILE INVETEC S.', 'LEVAMIZOL CLORHIDRATO 46 %'),
(955, 'INVETROID', 'DRAG PHARMA CHILE INVETEC S.', 'CIPERMETRINA 20%'),
(956, 'POMADA SULFAVITAMINICA CON O', 'DRAG PHARMA CHILE INVETEC S.', 'OXIDO DE ZINC, SULFANILAMIDA'),
(957, 'INVEADE', 'DRAG PHARMA CHILE INVETEC S.', 'VITAMINA A, D3, E'),
(958, '', 'DRAG PHARMA CHILE INVETEC S.', 'CALCIO FOSFATO DIBISICO 11%,'),
(960, 'HEPROTEC', 'DRAG PHARMA CHILE INVETEC S.', 'METIONINA, COMPLEJO VITAMINI'),
(967, 'TYLAN 200', 'ELI LILLY INTERAMIRICA INC. ', 'TILOSINA'),
(968, '', 'EXIMERK LTDA.', 'LEVAMISOL CLORHIDRATO 46%'),
(970, 'SULMET', 'EXIMERK LTDA.', 'SULFAMIDINA SODICA 100%'),
(973, 'DISPERSONA', 'EXIMERK LTDA.', 'PREDNISONA'),
(974, 'ACETIDRONA', 'EXIMERK LTDA.', 'TRIAMCINOLONA ACETONIDO'),
(975, 'CALDISPERT', 'EXIMERK LTDA.', 'CALCIO BOROGLUCONATO, CALCIO'),
(976, 'HEMATON', 'EXIMERK LTDA.', 'NICOTINAMIDA, COMPLEJO VITAM'),
(978, '', 'EXIMERK LTDA.', 'ALBENDAZOL 3.8%'),
(979, 'DISPERT DEX', 'EXIMERK LTDA.', 'DEXAMETASONA'),
(980, 'RESISTOL', 'EXIMERK LTDA.', 'DICLORVOS10%, PERMETRINA 50%'),
(981, 'RESISTOL', 'EXIMERK LTDA.', 'PROPOXUR'),
(982, 'HEMATON', 'EXIMERK LTDA.', 'NICOTINAMIDA, COMPLEJO VITAM'),
(983, '', 'EXIMERK LTDA.', 'DIAZINON 60 %'),
(984, 'SAGUACID 5%', 'EXIMERK LTDA.', 'CLOSANTEL 5%'),
(985, 'MECOPON', 'EXIMERK LTDA.', 'MEBENDAZOL 10%'),
(986, 'TETRAMIT F', 'EXIMERK LTDA.', 'LEVAMIZOL FOSFATO 20,92%'),
(987, 'RESISTOL SPRAY', 'EXIMERK LTDA.', 'DICLORVOS 1%, PERMETRINA 0,2'),
(988, 'ESTREPTOZOL', 'EXIMERK LTDA.', 'ESTREPTOMICINA, NEOMICINA, F'),
(989, '', 'EXIMERK LTDA.', 'CLORAMFENICOL'),
(990, 'FANTETRA', 'EXIMERK LTDA.', 'DIFENHIDRAMINA CLORHIDRATO, '),
(993, 'FANTETRA', 'EXIMERK LTDA.', 'OXITETRACICLINA'),
(994, 'PARA SHIELD', 'NOVARTIS CHILE S.A.', 'VACUNA INACTIVADA HAEMOPHILU'),
(996, 'PARVO SHIELD', 'NOVARTIS CHILE S.A.', 'VACUNA INACTIVADA PARVOVIRUS'),
(997, 'ERY SHIELD', 'NOVARTIS CHILE S.A.', 'VACUNA INACTIVADA ERISIPELA '),
(998, 'PARALEURO SHIELD P', 'NOVARTIS CHILE S.A.', 'VACUNA INACTIVADA ENFERMEDAD'),
(999, 'PARVO SHIELD L5', 'NOVARTIS CHILE S.A.', 'VACUNA INACTIVADA PARVOVIROS'),
(1000, 'PARVO SHIELD 5LE', 'NOVARTIS CHILE S.A.', 'VACUNA INACTIVADA PARVOVIROS'),
(1002, 'LEPTO SHIELD 5', 'NOVARTIS CHILE S.A.', 'VACUNA INACTIVADA LEPTOSPIRO'),
(1004, 'VETALGINA', 'INTERVET CHILE LTDA.', 'METAMIZOL SODICO 50%'),
(1005, 'PANACUR 4%', 'INTERVET CHILE LTDA.', 'FENBENDAZOL 4%'),
(1006, 'PANACUR 10%', 'INTERVET CHILE LTDA.', 'FENBENDAZOL 10%'),
(1008, 'GORBAN', 'INTERVET CHILE LTDA.', 'SULFADOXINA,TRIMETOPRIMA'),
(1010, 'SOLUCION EUTANASIA T61', 'INTERVET CHILE LTDA.', 'EMBUTRAMIDA, MEBEZONIO, TETR'),
(1011, 'CONCEPTAL', 'INTERVET CHILE LTDA.', 'BURSERELINA ACETATO'),
(1012, 'TONOFOSAN 20%', 'INTERVET CHILE LTDA.', 'ACIDO NICOTINICO, TOLDIMFOS,'),
(1015, 'REVALOR', 'INTERVET CHILE LTDA.', 'ACETATO DE TREMBOLONA, ESTRA'),
(1017, 'MASTITIS SECADO', 'INTERVET CHILE LTDA.', 'CLOXACILINA BENZATINA, AMPIC'),
(1020, '', 'PRO-VET S.A.', 'METAMIZOL SODICO 5G/10 ML'),
(1022, 'OPET', 'PRO-VET S.A.', 'TIOPENTAL SODICO'),
(1024, '', 'PRO-VET S.A.', 'PENICILINA G BENZATINA 3.600'),
(1025, '', 'PRO-VET S.A.', 'PENICILINA G SODICA 5.000.00'),
(1027, 'REHSAL-90 VET', 'PRO-VET S.A.', 'CLORURO DE SODIO Y POTASIO'),
(1030, 'VERPET', 'PRO-VET S.A.', 'PRAZIQUANTEL, MEBENDAZOL'),
(1031, 'SALFEN', 'PRO-VET S.A.', 'SULFADIAZINA 200 MG/ML,TRIME'),
(1032, '', 'PRO-VET S.A.', 'POLIVITAMINICO B1-B6-B12, PR'),
(1037, 'BELFORT', 'PRO-VET S.A.', 'VITAMINAS, L LISINA, CIPROHE'),
(1040, 'PENTRIL', 'PRO-VET S.A.', 'PENICILINA G PROCAINA, DIHID'),
(1041, 'BIPENCIL L.A', 'PRO-VET S.A.', 'PENICILINA G BENZATINA, PENI'),
(1042, 'BIOTIVET', 'PRO-VET S.A.', 'AMOXICILINA TRIHIDRATO'),
(1048, 'CASCOVIT', 'LABORATORIO RECCIUS LTDA.', 'FORMALINA, YODO'),
(1067, 'LIQUAMICINA LA', 'PFIZER CHILE S.A.', 'OXITETRACICLINA'),
(1074, 'ENROFARM-1', 'FARMACOLOGIA EN AQUACULTURA ', 'ENROFLOXACINO'),
(1075, 'VITEQUIN', 'LABORATORIOS RECALCINE S.A.', 'VITAMINA E, SELENIO'),
(1076, '', 'CENTROVET LTDA.', 'FENBENDAZOL 4%'),
(1077, 'BAXTROVET', 'LABORATORIOS RECALCINE S.A.', 'AMOXICILINA, GENTAMICINA'),
(1078, 'CLEMICINA', 'LABORATORIOS RECALCINE S.A.', 'CLORFENAMINA, DEXAMETASONA, '),
(1082, 'SOFOREN 10%', 'NOVARTIS CHILE S.A.', 'TRICLABENDAZOL 10%'),
(1088, 'MODEREFA', 'PFIZER CHILE S.A.', 'FLUOROPREDNISOLONA'),
(1089, 'LUTALYSE', 'PFIZER CHILE S.A.', 'DINOPROST TROMETAMINA 6.71 M'),
(1090, 'ECP', 'PFIZER CHILE S.A.', 'ESTRADIOL CIPIONATO'),
(1091, 'LINCOSPECTIN S.S.', 'PFIZER CHILE S.A.', 'CLORHIDRATO DE LINCOMICINA 5'),
(1092, 'LINCOSPECTIN PREMIX', 'PFIZER CHILE S.A.', 'ESPECTINOMICINA, LINCOMICINA'),
(1094, 'KAOSULVETA', 'PFIZER CHILE S.A.', 'KAOLIN, NEOMICINA, PECTINA, '),
(1095, 'LINCOMIX 44', 'PFIZER CHILE S.A.', 'LINCOMICINA'),
(1097, 'LINCOCIN FORTE S', 'PFIZER CHILE S.A.', 'LINCOMICINA CLORHIDRATO 359,'),
(1099, 'EXCENEL', 'PFIZER CHILE S.A.', 'CEFTIOFUR SODICO'),
(1100, 'ALBADRY PLUS', 'PFIZER CHILE S.A.', 'NOVOBIOCINA SODICA, PENICILI'),
(1101, 'DEXAFORT', 'INTERVET CHILE LTDA.', 'DEXAMETASONA FOSFATO'),
(1104, 'DEVAN', 'INTERVET CHILE LTDA.', 'DEXAMETASONA'),
(1105, '', 'QUIMICA HOLANDA LTDA.', 'TRIMETOPRIMA, SULFAMETOXAZOL'),
(1107, '', 'QUIMICA HOLANDA LTDA.', 'FENILBUTAZONA'),
(1108, '', 'QUIMICA HOLANDA LTDA.', 'ACEPROMAZINA MALEATO 2%'),
(1113, 'NOBILIS EDS', 'INTERVET CHILE LTDA.', 'VACUNA INACTIVADA SINDROME C'),
(1114, 'NOBILIS IB H-120', 'INTERVET CHILE LTDA.', 'VACUNA VIVA BRONQUITIS INFEC'),
(1115, 'NOBILIS ND + EDS', 'INTERVET CHILE LTDA.', 'VACUNA INACTIVADA NEWCASTLE,'),
(1119, 'NOBILIS ND CLONE 30', 'INTERVET CHILE LTDA.', 'VACUNA VIVA NEWCASTLE, CEPA '),
(1120, 'NOBILIS ILT', 'INTERVET CHILE LTDA.', 'VACUNA VIVA LARINGOTRAQUEITI'),
(1121, 'NOBILIS AE 1143', 'INTERVET CHILE LTDA.', 'VACUNA VIVA ENCEFALOMIELITIS'),
(1124, 'NOBILIS GUMBORO D78', 'INTERVET CHILE LTDA.', 'VACUNA VIVA GUMBORO'),
(1134, 'FOLLIGON', 'INTERVET CHILE LTDA.', 'GONADOTROFINA SERICA'),
(1136, 'FENIMICINA 20% LA', 'QUIMICA HOLANDA LTDA.', 'CLORHIDRATO DE OXITETRACICLI'),
(1137, 'FERTAGYL', 'INTERVET CHILE LTDA.', 'GONADORELINA'),
(1140, 'NOBILIS IB + ND', 'INTERVET CHILE LTDA.', 'VACUNA INACTIVADA BRONQUITIS'),
(1142, '', 'QUIMICA HOLANDA LTDA.', 'OXITOCINA 10 UI/ML'),
(1143, 'NOBILIS REO 1133', 'INTERVET CHILE LTDA.', 'VACUNA VIVA REOVIROSIS'),
(1144, 'NOBILIS REO+IB+G+ND', 'INTERVET CHILE LTDA.', 'VACUNA INACTIVADA BRONQUITIS'),
(1146, '', 'QUIMICA HOLANDA LTDA.', 'DIHIDROESTREPTOMICINA, PENCI'),
(1147, '', 'QUIMICA HOLANDA LTDA.', 'TILOSINA'),
(1148, 'NOBILIS AE + POX', 'INTERVET CHILE LTDA.', 'VACUNA VIVA ENCEFALOMIELITIS'),
(1149, 'NOBILIS IB + ND + EDS', 'INTERVET CHILE LTDA.', 'VACUNA INACTIVADA BRONQUITIS'),
(1150, 'PORCILIS PARVO', 'INTERVET CHILE LTDA.', 'VACUNA INACTIVADA PARVOVIRUS'),
(1151, 'COVINAN', 'INTERVET CHILE LTDA.', 'PROLIGESTONA'),
(1152, 'CHORULON', 'INTERVET CHILE LTDA.', 'GONADOTROFINA CORIONICA HUMA'),
(1153, 'NOBIVAC PUPPY DP', 'INTERVET CHILE LTDA.', 'VACUNA VIVA DISTEMPER CANINO'),
(1155, 'NOBILIS IB MA5', 'INTERVET CHILE LTDA.', 'VACUNA VIVA BRONQUITIS INFEC'),
(1156, '', 'QUIMICA HOLANDA LTDA.', 'GENTAMICINA'),
(1158, 'NOBILIS MA5 + CLONE 30', 'INTERVET CHILE LTDA.', 'VACUNA VIVA BRONQUITIS INFEC'),
(1161, 'CRESTAR', 'INTERVET CHILE LTDA.', 'ESTRADIOL VALERATO, NORGESTO'),
(1169, '', 'QUIMICA INDUSTRIAL SPES S.A.', 'VACUNA VIVA NEWCASTLE, CEPA '),
(1170, '', 'QUIMICA INDUSTRIAL SPES S.A.', 'VACUNA VIVA NEWCASTLE,TIPO B'),
(1171, '', 'QUIMICA INDUSTRIAL SPES S.A.', 'VACUNA VIVA MAREK HVT, GUMBO'),
(1172, '', 'QUIMICA INDUSTRIAL SPES S.A.', 'VACUNA VIVA MAREK, HVT, CONG'),
(1173, '', 'QUIMICA INDUSTRIAL SPES S.A.', 'VACUNA VIVA BRONQUITIS INFEC'),
(1175, '', 'QUIMICA INDUSTRIAL SPES S.A.', 'VACUNA VIVA MAREK, HVT, SB1,'),
(1176, '', 'QUIMICA INDUSTRIAL SPES S.A.', 'VACUNA VIVA BRONQUITIS INFEC'),
(1177, 'LT-BLEN', 'QUIMICA INDUSTRIAL SPES S.A.', 'VACUNA VIVA LARINGOTRAQUEITI'),
(1179, 'BURSA BLEN M', 'QUIMICA INDUSTRIAL SPES S.A.', 'VACUNA VIVA GUMBORO'),
(1183, 'DIGESTIVO RUMINAL', 'INTERVET CHILE LTDA.', 'POPIONATO DE SODIO, CALCIO P'),
(1184, 'BYKAHEPAR', 'INTERVET CHILE LTDA.', 'CLANOBUTINA SODICA'),
(1185, 'FINADYNE', 'INTERVET CHILE LTDA.', 'FLUNIXINO MEGLUMINA'),
(1187, 'LOTAGEN CONCENTRADO', 'INTERVET CHILE LTDA.', 'ACIDO METACRESOL-SULFONICO, '),
(1191, '', 'INTERVET CHILE LTDA.', 'VITAMINA E, SELENIO'),
(1193, 'AQUAFEN', 'INTERVET CHILE LTDA.', 'FLORFENICOL 50%'),
(1194, 'LT-IVAX', 'INTERVET CHILE LTDA.', 'VACUNA VIVA LARINGOTRAQUEITI'),
(1196, 'SCOURMUNE', 'INTERVET CHILE LTDA.', 'VACUNA INACTIVADA COLIBACILO'),
(1198, 'PILIGUARD', 'INTERVET CHILE LTDA.', 'VACUNA INACTIVADA MORAXELLA '),
(1199, '', 'VETERQUIMICA S.A.', 'PIPERAZINA CLORHIDRATO'),
(1200, '', 'VETERQUIMICA S.A.', 'YODO 6,5%'),
(1203, '', 'VETERQUIMICA S.A.', 'SUERO FISIOLOGICO'),
(1204, '', 'VETERQUIMICA S.A.', 'ACIDO BORICO, VITAMINA B12, '),
(1206, '', 'VETERQUIMICA S.A.', 'SUERO GLUCOSADO HIPERTONICO'),
(1207, '', 'VETERQUIMICA S.A.', 'HIERRO 10%'),
(1208, '', 'VETERQUIMICA S.A.', 'SULFAMETAZINA'),
(1209, 'LEVANTEL', 'VETERQUIMICA S.A.', 'LEVAMIZOL CLORHIDRATO 7.5%'),
(1210, 'VETERVIT ADE', 'VETERQUIMICA S.A.', 'VITAMINA A, D, E'),
(1211, 'BOFOSCAL', 'VETERQUIMICA S.A.', 'GLUCONATO DE CALCIO, GLUCOSA'),
(1213, '', 'VETERQUIMICA S.A.', 'TINTURA DE YODO 2%, YODURO D'),
(1214, 'LEVANTEL 46%', 'VETERQUIMICA S.A.', 'LEVAMIZOL CLORHIDRATO 46%'),
(1215, 'DITRAL 24%', 'VETERQUIMICA S.A.', 'SULFADOXINA 20%, TRIMETOPRIM'),
(1216, 'LEVANTEL POLVO 5%', 'VETERQUIMICA S.A.', 'LEVAMIZOL CLORHIDRATO 5%'),
(1217, 'CETEV', 'VETERQUIMICA S.A.', 'VITAMINA C 20%'),
(1218, 'YODIGEN DIPPING 7000', 'VETERQUIMICA S.A.', 'YODO, YODURO DE SODIO'),
(1220, 'DUPLAFER', 'VETERQUIMICA S.A.', 'HIERRO DEXTRANO, VITAMINA B1'),
(1221, 'MAGNEKAL', 'VETERQUIMICA S.A.', 'MAGNESIO GLUCONATO, MAGNESIO'),
(1222, 'AZOVETRIL', 'VETERQUIMICA S.A.', 'SULFADIMIDINA SODICA 10%, TR'),
(1223, 'QUIFLUMIL 5%', 'VETERQUIMICA S.A.', 'ENROFLOXACINO 5%'),
(1224, 'QUIFLUMIL 10%', 'VETERQUIMICA S.A.', 'ENROFLOXACINO 10%'),
(1225, 'PLOCIN 4%', 'VETERQUIMICA S.A.', 'FENDENDAZOL 4%'),
(1226, '', 'VETERQUIMICA S.A.', 'YODO 0,5%'),
(1227, 'PLOCIN 10%', 'VETERQUIMICA S.A.', 'FENBENDAZOL 10%'),
(1229, '', 'VETERQUIMICA S.A.', 'VACUNA VIVA CARBUNCLO BACTER'),
(1239, '', 'VETERQUIMICA S.A.', 'ESTREPTOMICINA SULFATO'),
(1242, 'CABOLAN', 'VETERQUIMICA S.A.', 'VACUNA INACTIVADA INFLUENZA '),
(1243, '', 'VETERQUIMICA S.A.', 'PENICILINA G BENZATINA 3.600'),
(1244, 'DENAGARD 45%', 'NOVARTIS CHILE S.A.', 'TIAMULINA 45%'),
(1246, '', 'VETERQUIMICA S.A.', 'PENICILINA G SODICA 5.000.00'),
(1249, 'BEZAPEN', 'VETERQUIMICA S.A.', 'PENICILINA G BENZATINA, PENI'),
(1250, '', 'VETERQUIMICA S.A.', 'OXITETRACICLINA 20%'),
(1262, 'FACILGEST 2,5%', 'FARQUIMICA SPA', 'PROGESTERONA, LIDOCAINA'),
(1263, 'FLUNIDIN', 'QUIMICA HOLANDA LTDA.', 'FLUNIXINO MEGLUMINATO'),
(1269, 'LAYERMUNE 3', 'CHEMIE S.A.', 'VACUNA INACTIVADA BRONQUITIS'),
(1270, 'ACTIGOR', 'DRAG PHARMA CHILE INVETEC S.', 'ACIDO NICOTINICO, SALES MINE'),
(1271, 'ECTOLINE 1%', 'SANOFI PASTEUR S.A.', 'FIPRONIL 1%'),
(1273, 'METRICURE', 'INTERVET CHILE LTDA.', 'CEFAPIRINA BENZATINA'),
(1274, 'OSTEOCONDRAL POLVO', 'CHEMIE S.A.', 'BETAINA, GLUCOSAMINA, AMINOA'),
(1275, '', 'EXIMERK LTDA.', 'TESTOSTERONA'),
(1276, '', 'CHEMIE S.A.', 'VACUNA VIVA CONTRA ENFERMEDA'),
(1279, '', 'CHEMIE S.A.', 'CONDROITIN SULFATO A 10%'),
(1280, 'ALTOMOS-K', 'DISTRIBUIDORA AGROLAND LTDA.', 'CIPERMETRINA, ETHION'),
(1281, 'ECTOSULES PLUS', 'LABORATORIOS MICROSULES CHIL', 'ETION 15%, CIPERMETRINA 5%'),
(1282, 'DISPERT DEX', 'EXIMERK LTDA.', 'DEXAMETASONA, CLORFENAMINA M'),
(1284, 'DRONTAL PLUS - PERROS GRANDE', 'BAYER S.A.', 'FEBANTEL 525 MG, PAMOATO DE '),
(1285, 'COCCIVAC B', 'INTERVET CHILE LTDA.', 'VACUNA VIVA COCCIDIOSIS AVIA'),
(1286, 'UBRET DC', 'VETERQUIMICA S.A.', 'AMPICILINA, CLOXACILINA'),
(1288, 'PARAMIC PLUS', 'LABORATORIOS MICROSULES CHIL', 'FENBENDAZOL, TRICLABENDAZOL'),
(1290, 'TYLAN 100', 'ELI LILLY INTERAMIRICA INC. ', 'TILOSINA'),
(1291, 'BENZODRAG', 'DRAG PHARMA CHILE INVETEC S.', 'BENZOCAINA 20%'),
(1295, 'M+PAC', 'INTERVET CHILE LTDA.', 'VACUNA INACTIVADA NEUMONIA E'),
(1296, 'DERAMOL', 'CENTROVET LTDA.', 'TRICLABENDAZOL 10%'),
(1299, 'SINPUL', 'DRAG PHARMA CHILE INVETEC S.', 'CUMAFOS 30%'),
(1300, 'PERMATRACE', 'INTERVET CHILE LTDA.', 'SELENIO'),
(1301, 'FULLDIP 5000', 'T.P.I. S.A.', 'COMPLEJO NONOXYNOL-YODO'),
(1302, 'TRIANTELM', 'INTERVET CHILE LTDA.', 'PRAZIQUANTEL , PIRANTEL PAMO'),
(1303, 'XORBAN INTRAMAMARIO', 'DISTRIVET LTDA.', 'SULFADIAZINA, TRIMETOPRIMA'),
(1304, 'NAFPENZAL D.C.', 'INTERVET CHILE LTDA.', 'DIHIDROESTREPTOMICINA, NAFCI'),
(1305, 'NAFPENZAL MC', 'INTERVET CHILE LTDA.', 'DIHIDROESTREPTOMICINA, PENIC'),
(1313, 'CLOSTRIBAC 9P', 'PFIZER CHILE S.A.', 'VACUNA INACTIVADA CLOSTRIDIO'),
(1315, 'REVOLUTION 12%', 'PFIZER CHILE S.A.', 'SELAMECTINA 12%'),
(1316, 'REVOLUTION 6%', 'PFIZER CHILE S.A.', 'SELAMECTINA 6%'),
(1318, 'CUE-MATE', 'QUIMICA HOLANDA LTDA.', 'PROGESTERONA'),
(1319, 'A180 ADVOCIN 180', 'PFIZER CHILE S.A.', 'DANOFLOXACINO MESILATO.'),
(1320, 'DOXIMICIN', 'DRAG PHARMA CHILE INVETEC S.', 'DOXICICLINA HICLATO'),
(1321, 'DRAGOXILO 220 MG', 'DRAG PHARMA CHILE INVETEC S.', 'CEFADROXILO MONOHIDRATO 220 '),
(1325, 'GABBROSTIM', 'CHEMIE S.A.', 'ALFAPROSTOL'),
(1329, 'QUANTUM DA2PPVL', 'INTERVET CHILE LTDA.', 'VACUNA VIVA DISTEMPER CANINO'),
(1330, 'QUANTUM CV', 'INTERVET CHILE LTDA.', 'VACUNA INACTIVADA CORONAVIRU'),
(1333, '', 'INTERVET CHILE LTDA.', 'EMAMECTINA BENZOATO 0,2%'),
(1334, 'NUFLOR 2%', 'INTERVET CHILE LTDA.', 'FLORFENICOL 2 %'),
(1336, 'CAL-DEXTRO', 'PFIZER CHILE S.A.', 'CALCIO, DEXTROSA, FOSFORO, M'),
(1337, 'EHLIQUANTEL', 'CENTROVET LTDA.', 'FEBANTEL, PIRANTEL PAMOATO, '),
(1338, 'FEHLINGER', 'CENTROVET LTDA.', 'PRAZIQUANTEL, PIRANTEL PAMOA'),
(1339, 'UBRET MC', 'VETERQUIMICA S.A.', 'AMPICILINA, CLOXACILINA'),
(1341, 'ERBACOLINA', 'CHEMIE S.A.', 'ACETILMETIONINA, ACIDO TIOCT'),
(1342, 'NOBIVAC LEPTO', 'INTERVET CHILE LTDA.', 'VACUNA INACTIVADA LEPTOSPIRO'),
(1343, 'ENGEMYCINE 10% L.A', 'INTERVET CHILE LTDA.', 'OXITETRACICLINA 10% L.A'),
(1344, 'DUPLOCILLINE LA', 'INTERVET CHILE LTDA.', 'PENICILINA G BENZATINA, PENI'),
(1345, '', 'VETERQUIMICA S.A.', 'VACUNA INACTIVADA PARVOVIROS'),
(1346, '', 'VETERQUIMICA S.A.', 'VACUNA INACTIVADA ERISIPELA '),
(1347, 'DRAGXICLINA', 'DRAG PHARMA CHILE INVETEC S.', 'AMOXICILINA TRIHIDRATO'),
(1348, 'ZANIL L.A.', 'CENTROVET LTDA.', 'OXITETRACICLINA DIHIDRATO'),
(1349, '', 'LABORATORIOS MICROSULES CHIL', 'ENROFLOXACINO 10%'),
(1350, '', 'LABORATORIOS MICROSULES CHIL', 'OXITETRACICLINA 20% L.A'),
(1351, 'KAUPOL', 'DRAG PHARMA CHILE INVETEC S.', 'DEXTROSA, NICOTINAMIDA, SALE'),
(1352, '', 'VETERQUIMICA S.A.', 'VACUNA INACTIVADA PARVOVIROS'),
(1353, 'NOBIVAC DAPPVL2+CV', 'INTERVET CHILE LTDA.', 'VACUNA VIVA DISTEMPER CANINO'),
(1354, 'OSTEOCREM', 'CHEMIE S.A.', 'CONDROITIN SULFATO 5%, DIMET'),
(1355, 'EXSPOT', 'INTERVET CHILE LTDA.', 'PERMETRINA 65%'),
(1356, 'NOBILIS ND LA SOTA', 'INTERVET CHILE LTDA.', 'VACUNA VIVA NEWCASTLE, CEPA '),
(1360, 'CYAMICINA LA', 'BAYER S.A.', 'OXITETRACICLINA CLORHIDRATO'),
(1361, 'REOMUNE 3', 'CHEMIE S.A.', 'VACUNA INACTIVADA REOVIROSIS'),
(1362, 'REPROMUNE IBD', 'CHEMIE S.A.', 'VACUNA INACTIVADA GUMBORO'),
(1363, 'MAXIMUNE 8', 'CHEMIE S.A.', 'VACUNA INACTIVADA BRONQUITIS'),
(1364, 'REPROMUNE 4', 'CHEMIE S.A.', 'VACUNA INACTIVADA BRONQUITIS'),
(1365, 'DECTANOL', 'VETERQUIMICA S.A.', 'CLORPIRIFOS, METOPRENO, PERT'),
(1366, 'HASYUN', 'DRAG PHARMA CHILE INVETEC S.', 'DEXAMETASONA'),
(1367, 'VITADOL', 'DRAG PHARMA CHILE INVETEC S.', 'COMPLEJO VITAMINA B, SALES M'),
(1368, 'NOBILIS IB+G+ND', 'INTERVET CHILE LTDA.', 'VACUNA INACTIVADA BRONQUITIS'),
(1369, 'CEFA-SAFE', 'INTERVET CHILE LTDA.', 'CEFAPIRINA BENZATINA'),
(1370, 'MOSKIMIT FORTE', 'DRAG PHARMA CHILE INVETEC S.', 'PERMETRINA, PIPERONIL BUTOXI'),
(1371, 'AQUAVAC ERM', 'INTERVET CHILE LTDA.', 'VACUNA INACTIVADA ENFERMEDAD'),
(1375, 'INVECTINA PLUS,', 'DRAG PHARMA CHILE INVETEC S.', 'CLOSANTEL, IVERMECTINA'),
(1376, 'DELLA CARE 0,25%', 'DE LAVAL S.A.', 'YODO 0.25%'),
(1377, 'RALGRO L.A.', 'INTERVET CHILE LTDA.', 'ZERANOL'),
(1378, 'HIPRASUIS COLI/CL', 'VETERQUIMICA S.A.', 'VACUNA INACTIVADA COLIBACILO'),
(1379, '', 'VETERQUIMICA S.A.', 'VACUNA INACTIVADA ENFERMEDAD'),
(1380, 'ZANIL 80%', 'CENTROVET LTDA.', 'OXITETRACICLINA 80%'),
(1381, 'QUINAFISH', 'CENTROVET LTDA.', 'BENZOATO DE EMAMECTINA 0,2%'),
(1382, 'QUANTUM CAT HCP', 'INTERVET CHILE LTDA.', 'VACUNA VIVA RINOTRAQUEITIS I'),
(1384, 'CALFOMA PLUS', 'DRAG PHARMA CHILE INVETEC S.', 'DEXTROSA, GLUCONATO DE CALCI'),
(1385, 'NAXPET RAZA GRANDE', 'DRAG PHARMA CHILE INVETEC S.', 'KETOPROFENO 30 MG'),
(1386, 'NAMOREN PLUS GATOS', 'DRAG PHARMA CHILE INVETEC S.', 'PRAZIQUANTEL, PIRANTEL PAMOA'),
(1387, 'CLINDA-CURE 150 MG', 'INTERVET CHILE LTDA.', 'CLINDAMICINA CLORHIDRATO'),
(1388, 'CLINDA-CURE 75 MG', 'INTERVET CHILE LTDA.', 'CLINDAMICINA CLORHIDRATO'),
(1390, 'FLOVOVERMIC RAZA GRANDE', 'DRAG PHARMA CHILE INVETEC S.', 'FLUBENDAZOL, PIRANTEL PAMOAT'),
(1391, 'EHLIFLOXACINO 50 MG', 'CENTROVET LTDA.', 'ENROFLOXACINO 50 MG'),
(1392, 'EHLIMOATO 5%', 'CENTROVET LTDA.', 'PIRANTEL PAMOATO 5%'),
(1393, 'EHLICONASOL 2%', 'CENTROVET LTDA.', 'MICONAZOL 2%'),
(1395, 'CEFA CURE 200 MG', 'INTERVET CHILE LTDA.', 'CEFADROXILO MONOHIDRATO 200 '),
(1396, 'CEFA CURE 1000 MG', 'INTERVET CHILE LTDA.', 'CEFADROXILO MONOHIDRATO 100 '),
(1397, 'EQUILIS PREQUENZA TE', 'INTERVET CHILE LTDA.', 'VACUNA INACTIVADA INFLUENZA '),
(1400, 'KIBIS', 'INTERVET CHILE LTDA.', 'ISOPROPAMIDA, KANAMICINA'),
(1401, 'DELLA BARRIER 1%', 'DE LAVAL S.A.', 'COMPLEJO YODO - GLICERINA, Y'),
(1402, 'VETROMIC 50%', 'CENTROVET LTDA.', 'ERITROMICINA 50%'),
(1403, 'VIROKILLER', 'CENTROVET LTDA.', 'CLORAMINA T 80%'),
(1404, 'KALMAGIN 20', 'CENTROVET LTDA.', 'BENZOCAINA 20%'),
(1406, 'PANVEX', 'PRO-VET S.A.', 'OXITETRACICLINA, FLUNIXINO M'),
(1407, 'MEGAMECTIN 1%', 'NOVARTIS CHILE S.A.', 'IVERMECTINA 1%'),
(1409, '', 'CHEMIE S.A.', 'GONADORELINA'),
(1411, 'PREVENTIC', 'VETERQUIMICA S.A.', 'AMITRAZ 9%'),
(1412, 'MICRODES 0,5%', 'CENTROVET LTDA.', 'IVERMECTINA 0,5%'),
(1413, 'EHLIMETRINA', 'CENTROVET LTDA.', 'PERMETRINA, PIPERONIL BUTOXI'),
(1414, 'FASIMEC', 'NOVARTIS CHILE S.A.', 'IVERMECTINA, TRICLABENDAZOL'),
(1415, 'FUROCICLINA 4.4', 'CENTROVET LTDA.', 'LINCOMICINA 4,4%'),
(1416, 'FISIEL', 'CENTROVET LTDA.', 'ACIDO BORICO, DEXTROSA, SALE'),
(1417, 'DOLICAL 80', 'CENTROVET LTDA.', 'TRICAINA METANSULFONATO 80%'),
(1419, '', 'PFIZER CHILE S.A.', 'ANTIGENO ROSA DE BENGALA'),
(1421, 'PYCEZE 50%', 'NOVARTIS CHILE S.A.', 'BRONOPOL 50%'),
(1425, 'NOROMECTIN 0,5%', 'VETERQUIMICA S.A.', 'IVERMECTINA 0,5%'),
(1428, 'RILEXINE', 'AGROVET LTDA.', 'CEFALEXINA MONOHIDRATO 15%'),
(1429, 'VIRBAC RILEXINE', 'AGROVET LTDA.', 'CEFALEXINA MONOHIDRATO'),
(1430, '', 'CHEMIE S.A.', 'GONADOTROFINA SERICA 500 UI'),
(1431, 'QUINOCOLI 5%', 'JB ANIMAL PRODUCTS LTDA.', 'ENROFLOXACINO 5%'),
(1432, 'FLUNIVEEX', 'JB ANIMAL PRODUCTS LTDA.', 'FLUNIXINO MEGLUMINA'),
(1433, 'PG 600', 'INTERVET CHILE LTDA.', 'GONADOTROFINA CORIONICA, GON'),
(1435, 'MEGALON', 'CENTROVET LTDA.', 'VITAMINA A, D3, E'),
(1436, 'CEPRAVIN', 'INTERVET CHILE LTDA.', 'DIHIDRATO DE CEFALONIO 8.99 '),
(1437, 'CEFTIDRAG 50 MG/ML', 'DRAG PHARMA CHILE INVETEC S.', 'CEFTIOFUR CLORHIDRATO 5%'),
(1438, 'LINESPEC', 'CENTROVET LTDA.', 'LINCOMICINA, ESPECTINOMICINA'),
(1439, 'VETERIN 30%', 'CENTROVET LTDA.', 'FLORFENICOL 30%'),
(1441, 'SARNIVET 50', 'DRAG PHARMA CHILE INVETEC S.', 'CUMAFOS 62.5%'),
(1442, 'MELTRA 10%', 'CHEMIE S.A.', 'FENBENDAZOL 10%'),
(1443, 'ENROMIC 10%', 'CENTROVET LTDA.', 'ENROFLOXACINO 10%'),
(1444, 'ADEX 20', 'CHEMIE S.A.', 'DEXAMETASONA'),
(1445, 'ENROXINA 150 MG.', 'CHEMIE S.A.', 'ENROFLOXACINO'),
(1446, 'EHLISPRAYPLATA', 'CENTROVET LTDA.', 'CIPERMETRINA, DICLORVOS'),
(1449, '', 'CENTROVET LTDA.', 'PERMETRINA, TETRAMETRINA, ME'),
(1451, '', 'CHEMIE S.A.', 'GONADOTROFINA SERICA 6.000 U'),
(1453, 'DECTIVER 0,48%', 'QUIMICA HOLANDA LTDA.', 'IVERMECTINA 0,48%'),
(1454, '', 'QUIMICA HOLANDA LTDA.', 'NEOMICINA, POLIMIXINA B, MON'),
(1455, 'FOLLTROPIN', 'QUIMICA HOLANDA LTDA.', 'HORMONA FOLICULO ESTIMULANTE');
INSERT INTO `far` (`ID_FAR`, `NOMBRE_FARMACO`, `LABORATORIO_MEDICAMENTO`, `NOMBRE_GENERICO`) VALUES
(1459, 'NOROMECTIN 1%', 'VETERQUIMICA S.A.', 'IVERMECTINA 1%'),
(1460, '', 'VETERQUIMICA S.A.', 'GONADOTROFINA SERICA, GONADO'),
(1462, 'TRIANGLE 9 + BVD TIPO II', 'BAYER S.A.', 'VACUNA INACTIVADA DIARREA VI'),
(1464, 'EQUS', 'DRAG PHARMA CHILE INVETEC S.', 'FENILBUTAZONA'),
(1465, 'TONIMAG', 'DRAG PHARMA CHILE INVETEC S.', 'MAGNESIO GLICEROFOSFATO, MAG'),
(1466, 'ECO 5000', 'ECOLAB S.A.', 'YODO 0.50%'),
(1467, 'ECO 8000', 'ECOLAB S.A.', 'YODO 0.80%'),
(1468, 'ECOLAB ECO GEL', 'ECOLAB S.A.', 'YODO 0.50%'),
(1469, '', 'QUIMICA HOLANDA LTDA.', 'CLOPROSTENOL, CLOROCRESOL'),
(1472, 'KET-10', 'DRAG PHARMA CHILE INVETEC S.', 'KETOPROFENO'),
(1473, 'FURASEP', 'DRAG PHARMA CHILE INVETEC S.', 'NITROFURAZONA 0,2%'),
(1474, 'MICRODES PLUS', 'CENTROVET LTDA.', 'CLORSULON, IVERMECTINA'),
(1480, '', 'LABORATORIO BAGI CHILE S.A.', 'IVERMECTINA 1%'),
(1483, 'NOROMECTIN 18.7%,', 'VETERQUIMICA S.A.', 'IVERMECTINA 18,7%'),
(1490, 'SENSIBLEX', 'QUIMICA HOLANDA LTDA.', 'DENAVERINA CLORHIDRATO'),
(1491, 'FUROCICLINA 25 %', 'CENTROVET LTDA.', 'LINCOMICINA 25%'),
(1492, '', 'LABORATORIO VETERINARIO QUIM', 'ENROFLOXACINO 10%'),
(1494, 'VITONAL', 'CHEMIE S.A.', 'CAFEINA, SALES MINERALES, VI'),
(1495, '', 'DIAGNOTEC COMERCIAL S.A.', 'BRONOPOL 50%'),
(1496, 'NOBIVAC RABIA', 'INTERVET CHILE LTDA.', 'VACUNA INACTIVADA CONTRA LA '),
(1497, 'RABGUARD', 'PFIZER CHILE S.A.', 'VACUNA INACTIVADA CONTRA LA '),
(1498, 'IMRAB 3', 'SANOFI PASTEUR S.A.', 'VACUNA INACTIVADA CONTRA LA '),
(1499, '', 'LABORATORIO VETERINARIO QUIM', 'CLORAMINA T'),
(1500, 'FURODRAG', 'DRAG PHARMA CHILE INVETEC S.', 'FUROSEMIDA'),
(1501, '', 'QUIMICA HOLANDA LTDA.', 'CLOPROSTENOL SODICO 25%'),
(1503, '', 'CENTROVET LTDA.', 'NICARBAZINA 25%'),
(1504, 'HYPOPHYSIN', 'QUIMICA HOLANDA LTDA.', 'CARBETOCINA'),
(1506, 'CIDR', 'PFIZER CHILE S.A.', 'PROGESTERONA'),
(1507, '', 'CHEMIE S.A.', 'KETAMINA 100 MG/ML'),
(1508, '', 'LABORATORIOS MICROSULES CHIL', 'VITAMINA A, D3, E'),
(1509, '', 'LABORATORIOS MICROSULES CHIL', 'ENROFLOXACINO 10%'),
(1510, 'ZULETEL PLUS', 'LABORATORIOS MICROSULES CHIL', 'IVERMECTINA 1%, CLOSANTEL 12'),
(1511, 'MOSKIMAT', 'DRAG PHARMA CHILE INVETEC S.', 'CLORPIRIFOS, DIAZINON'),
(1512, 'INADRIM', 'CHEMIE S.A.', 'ACEPROMAZINA MALEATO 1%'),
(1514, 'PRIMAVET 50%', 'CENTROVET LTDA.', 'AMOXICILINA 50%'),
(1515, 'FATROVIT', 'CENTROVET LTDA.', 'SELENIO, VITAMINA E'),
(1516, 'CANEX PERROS MEDIANOS', 'PFIZER CHILE S.A.', 'OXANTEL EMBONATO, PIRANTEL E'),
(1517, 'CANEX PERROS GRANDES', 'PFIZER CHILE S.A.', 'OXANTEL EMBONATO, PIRANTEL E'),
(1518, 'SEPTOLINCO 45', 'CENTROVET LTDA.', 'TIAMULINA 45%'),
(1519, '', 'CENTROVET LTDA.', 'DILMITOLMIDA 25%'),
(1520, 'MOSKATION SPRAY', 'DRAG PHARMA CHILE INVETEC S.', 'DICLORVOS 1.25 %, TRICLOSAN '),
(1521, 'DF-7', 'DRAG PHARMA CHILE INVETEC S.', 'IVERMECTINA, PIRANTEL PAMOAT'),
(1523, 'ROSTRUM PLUS', 'DRAG PHARMA CHILE INVETEC S.', 'ENROFLOXACINO 0.5%, SULFADIA'),
(1526, 'CIDR', 'PFIZER CHILE S.A.', 'PROGESTERONA'),
(1527, '', 'QUIMICA HOLANDA LTDA.', 'GONADORELINA 50'),
(1528, '', 'CENTROVET LTDA.', 'COLISTINA 2%'),
(1529, '', 'AGROVET LTDA.', 'PRAZIQUANTEL, FENBENDAZOL, P'),
(1530, '', 'AGROVET LTDA.', 'PRAZIQUANTEL, FENBENDAZOL, P'),
(1531, '', 'AGROVET LTDA.', 'PRAZIQUANTEL, FENBENDAZOL, P'),
(1532, '', 'AGROVET LTDA.', 'PRAZIQUANTEL, FENBENDAZOL, P'),
(1533, 'TYLAN G 250', 'ELI LILLY INTERAMIRICA INC. ', 'TILOSINA 25%'),
(1534, '', 'AGROVET LTDA.', 'FENBENDAZOL, PIRANTEL PAMOAT'),
(1535, 'RILEXINE 300', 'VETERQUIMICA S.A.', 'CEFALEXINA MONOHIDRATO 300 M'),
(1537, 'FLORFENOX', 'BAYER S.A.', 'FLORFENICOL 50%'),
(1538, 'QUINOVET', 'PRO-VET S.A.', 'ENROFLOXACINO150 MG'),
(1539, 'FULLDIP 500', 'T.P.I. S.A.', 'COMPLEJO NONOXYNOL YODO'),
(1540, 'FULLDIP', 'T.P.I. S.A.', 'CLORHEXIDINA 2.5%'),
(1541, '', 'CENTROVET LTDA.', 'CEFALEXINA 15%'),
(1543, 'VIGOSINE', 'CHEMIE S.A.', 'CARNITINA 5%, SULFATO DE MAG'),
(1544, 'CEVAC CEVA UNI L', 'CHEMIE S.A.', 'VACUNA VIVA NEWCASTLE, CEPA '),
(1545, 'SYVAQUINDOL 100', 'FARQUIMICA SPA', 'ENROFLOXACINO 10%'),
(1546, 'SYVAQUINDOL 25', 'FARQUIMICA SPA', 'ENROFLOXACINO 2.5%'),
(1547, 'INGOR', 'CENTROVET LTDA.', 'ACEPROMAZINA MALEATO 1%'),
(1551, 'BIODECTIN', 'PFIZER CHILE S.A.', 'VACUNA INACTIVADA CLOSTRIDIO'),
(1552, 'COSTIN MIX 200', 'VETERQUIMICA S.A.', 'COLISTINA 20%'),
(1553, '', 'AGROVET LTDA.', 'ETODOLACO'),
(1554, '', 'AGROVET LTDA.', 'ETODOLACO'),
(1555, '', 'ILENDER CHILE S.A.', 'FOSFOMICINA 20%, TILOSINA 5%'),
(1556, 'VETERIN 50%', 'CENTROVET LTDA.', 'FLORFENICOL 50%'),
(1557, 'MONIKOL', 'CHEMIE S.A.', 'FLORFENICOL 30%'),
(1558, '', 'CHEMIE S.A.', 'GONADOTROFINA SERICA 600 UI '),
(1559, 'VETERIN 10%', 'CENTROVET LTDA.', 'FLORFENICOL 10%'),
(1560, '', 'CENTROVET LTDA.', 'KETAMINA CLORHIDRATO 50%'),
(1561, 'EXPERT PLUS', 'INTERVET CHILE LTDA.', 'CLORPIRIFOS, DIAZINON'),
(1562, 'HIPRAVIAR-B1/H120', 'VETERQUIMICA S.A.', 'VACUNA VIVA BRONQUITIS INFEC'),
(1563, 'DURAMUNE MAX 5/4L', 'BAYER S.A.', 'VACUNA VIVA DISTEMPER CANINO'),
(1566, 'OSTEOCONDRAL PLUS', 'CHEMIE S.A.', 'GLUCOSAMINA, BETAINA, AMINOA'),
(1567, 'DULAN 10', 'CENTROVET LTDA.', 'TILOSINA 10%'),
(1568, 'CHEMIE CEFT', 'CHEMIE S.A.', 'CEFTIOFUR SODICO'),
(1569, '', 'AGROVET LTDA.', 'CEFALEXINA MONHIDRATO 500 MG'),
(1570, 'DELMOR', 'SANOFI PASTEUR S.A.', 'CEFTIOFUR CLORHIDRATO 5%'),
(1571, 'ROBORANTE CALIER', 'AGROVET LTDA.', 'CALCIO FOSFORIL COLINA, CASE'),
(1572, 'FAXICUR 10%', 'INTERVET CHILE LTDA.', 'TRICLABENDAZOL 10%'),
(1573, 'COLIFARM 25', 'CENTROVET LTDA.', 'FOSFOMICINA 25%'),
(1574, 'GELOTICO PLUS', 'CHEMIE S.A.', 'NORFLOXACINO, DEXAMETASONA F'),
(1575, 'VIRBAMEC F', 'AGROVET LTDA.', 'CLORSULON, IVERMECTINA'),
(1576, 'SEPTOLINCO 10%', 'CENTROVET LTDA.', 'TIAMULINA HIDROGENOFUMARATO '),
(1577, 'PEDILINE', 'PRINAL S.A.', 'ALQUIL-DIMETIL-BENCIL-AMONIO'),
(1579, 'DRAGOXILO, RAZA GRANDE', 'DRAG PHARMA CHILE INVETEC S.', 'CEFADROXILO MONOHIDRATO'),
(1580, '', 'DRAG PHARMA CHILE INVETEC S.', 'VITAMINA A'),
(1581, 'CONTRALAC 20', 'VETERQUIMICA S.A.', 'METERGOLINA'),
(1582, '', 'FARMACOLOGIA EN AQUACULTURA ', 'GENTAMICINA 10%'),
(1585, 'ECTHOL PLUS', 'AGROVET LTDA.', 'IMIDACLOPRIDA, CIFENOTRINA'),
(1586, 'VIRBAC FELIGEN CRP', 'VETERQUIMICA S.A.', 'VACUNA RINOTRAQUITIS INFECCI'),
(1588, 'D- COMPLEX', 'DRAG PHARMA CHILE INVETEC S.', 'D-COLINA, DEXPANTENOL, EDT S'),
(1591, 'AVIPRO THYMOVAC', 'ENCIPHARM LTDA.', 'VACUNA VIVA ANEMIA INFECCIOS'),
(1593, 'NOVANTEL', 'SANOFI PASTEUR S.A.', 'CLOXACILINA BENZATINA'),
(1595, '', 'FARMACOLOGIA EN AQUACULTURA ', 'OXITETRACICLINA 80%'),
(1597, 'MIXANTIP PLUS', 'DRAG PHARMA CHILE INVETEC S.', 'NEOMICINA, AZUFRE, BENZOCAIN'),
(1598, '', 'FARMACOLOGIA EN AQUACULTURA ', 'FLORFENICOL 50%'),
(1600, 'OVOLUTE', 'DRAG PHARMA CHILE INVETEC S.', 'D-CLOPROSTENOL'),
(1601, '', 'CENTROVET LTDA.', 'XILAZINA 2%'),
(1603, '', 'DRAG PHARMA CHILE INVETEC S.', 'VITAMINA E, SELENIO'),
(1604, 'PRIMOR 50 MG.', 'PFIZER CHILE S.A.', 'MARBOFLOXACINO 50 MG'),
(1605, 'PRIMOR 200 MG.', 'PFIZER CHILE S.A.', 'MARBOFLOXACINO 200 MG'),
(1606, 'POULVAC SE', 'PFIZER CHILE S.A.', 'VACUNA INACTIVADA SALMONELLA'),
(1607, 'PRIMOR 100 MG', 'PFIZER CHILE S.A.', 'MARBOFLOXACINO 100 MG'),
(1609, 'PRIMUCELL FIP', 'PFIZER CHILE S.A.', 'VACUNA VIVA PERITONITIS INFE'),
(1610, 'PRIMOR 25 MG', 'PFIZER CHILE S.A.', 'MAROFLOXACINO 25 MG'),
(1611, 'FRONTLINE PLUS 0,5', 'SANOFI PASTEUR S.A.', 'FIPRONIL, METOPRENO'),
(1612, 'FRONTLINE PLUS 4,02', 'SANOFI PASTEUR S.A.', 'FIPRONIL, METOPRENO'),
(1613, 'FRONTLINE PLUS 2,68', 'SANOFI PASTEUR S.A.', 'FIPRONIL, METOPRENO'),
(1614, 'FRONTLINE PLUS 1,34', 'SANOFI PASTEUR S.A.', 'FIPRONIL, METOPRENO'),
(1615, 'FRONTLINE PLUS 0,67', 'SANOFI PASTEUR S.A.', 'FIPRONIL, METOPRENO'),
(1616, '', 'AGROVET LTDA.', 'MEGESTROL ACETATO'),
(1617, 'ARTRIOFIN', 'DRAG PHARMA CHILE INVETEC S.', 'CARPROFENO 88 MG'),
(1618, 'MAXINYL DISPERT', 'EXIMERK LTDA.', 'NITROXINIL ANHIDRO'),
(1619, 'CATTLEMASTER 4 + L5', 'PFIZER CHILE S.A.', 'VACUNA VIVA IBR, PARAINFLUEN'),
(1620, 'ESPELIN 20', 'CENTROVET LTDA.', 'CLORTETRACICLINA 20%'),
(1621, 'MYCOKILLER 50%', 'LABORATORIO VETERINARIO QUIM', 'BRONOPOL 50%'),
(1622, 'NEUROFISIN', 'DRAG PHARMA CHILE INVETEC S.', 'OXITOCINA 50MG'),
(1625, 'SANIUM PLUS GATO', 'EXIMERK LTDA.', 'PRAZIQUANTEL, PIRANTEL PAMOA'),
(1628, 'ORBESEAL', 'PFIZER CHILE S.A.', 'SUBNITRATO DE BISMUTO'),
(1630, 'QUANTUM CAT FELV', 'INTERVET CHILE LTDA.', 'VACUNA INACTIVADA LEUCEMIA F'),
(1631, 'ACUESTROL', 'FARMACOLOGIA EN AQUACULTURA ', 'ISOEUGENOL 50%'),
(1632, 'BMD 50%', 'ALPHARMA (LUXEMBURG) SARL Y ', 'BACITRACINA METILENO DISALIC'),
(1633, 'HIPRAGUMBORO-CH/80', 'VETERQUIMICA S.A.', 'VACUNA VIVA GUMBORO, CEPA CL'),
(1634, '', 'LABORATORIO VETERINARIO QUIM', 'LINCOMICINA 4,4%'),
(1635, 'BMD 11%', 'ALPHARMA (LUXEMBURG) SARL Y ', 'BACITRACINA METILENO DISALIC'),
(1639, 'POMADRAG', 'DRAG PHARMA CHILE INVETEC S.', 'BENZOCAINA, CETRIMIDA'),
(1640, 'ELANCOBAN 200', 'ELI LILLY INTERAMIRICA INC. ', 'MONENSINA 20%'),
(1641, 'FARROWSURE PLUS B', 'PFIZER CHILE S.A.', 'VACUNA INACTIVADA PARVOVIROS'),
(1642, 'ADVANTIX', 'BAYER S.A.', 'IMIDACLOPRIDA, PERMETRINA'),
(1643, 'DURAMUNE MAX 5 CVK/4L', 'BAYER S.A.', 'VACUNA VIVA DISTEMPER CANINO'),
(1644, 'DURAMUNE MAX PC', 'BAYER S.A.', 'VACUNA VIVA PARVOVIROSIS CAN'),
(1645, 'DEX BUTA DRAG', 'DRAG PHARMA CHILE INVETEC S.', 'DEXAMETASONA, DIBUCAINA, FEN'),
(1646, 'SINPULKILL PERROS', 'DRAG PHARMA CHILE INVETEC S.', 'DIAZINON 15%'),
(1647, 'SINPULKILL GATOS', 'DRAG PHARMA CHILE INVETEC S.', 'DIAZINON'),
(1648, '', 'CHEMIE S.A.', 'RANITIDINA 2%'),
(1649, 'DELTAVET ZEROPAR', 'CHEMIE S.A.', 'IVERMECTINA 1,2%, PRAZICUANT'),
(1650, 'COMMANDER 20/20', 'DRAG PHARMA CHILE INVETEC S.', 'PERMETRINA, PIPERONIL BUTOXI'),
(1651, 'PLANATE', 'INTERVET CHILE LTDA.', 'CLOPROSTENOL SODICO 0.092 MG'),
(1655, 'EQUIMIC', 'DRAG PHARMA CHILE INVETEC S.', 'IVERMECTINA 1,4%'),
(1656, 'MAXIBAN 160', 'ELI LILLY INTERAMIRICA INC. ', 'NARASINA 8%, NICARBAZINA 8%'),
(1658, 'INGOR', 'CENTROVET LTDA.', 'ACEPROMAZINA MALEATO 1%'),
(1660, 'V-PEN', 'PRO-VET S.A.', 'PENICILINA G BENZATINA, PENI'),
(1661, 'M. HYO', 'NOVOFARMA SERVICE S.A.', 'VACUNA INACTIVADA NEUMONIA E'),
(1662, 'CEVAC CEVA BRON 120 L', 'CHEMIE S.A.', 'VACUNA VIVA BRONQUITIS INFEC'),
(1663, 'LABYES TEARS', 'CHEMIE S.A.', 'CONDROITIN SULFATO A 20%'),
(1664, '', 'DIAGNOTEC COMERCIAL S.A.', 'FLORFENICOL 30%'),
(1667, 'COGLAVAX', 'CHEMIE S.A.', 'VACUNA INACTIVADA CLOSTRIDIO'),
(1669, 'MICRODES 0,2%', 'CENTROVET LTDA.', 'IVERMECTINA 0,2%'),
(1670, '', 'LABORATORIO VETERINARIO QUIM', 'COLISTINA SULFATO 80%'),
(1672, 'SINPULSPOT PLUS', 'DRAG PHARMA CHILE INVETEC S.', 'METOPRENO, PERMETRINA, BUTOX'),
(1673, '', 'BESTPHARMA S.A.', 'METOCLOPRAMIDA CLORHIDRATO'),
(1674, 'EHLIFLOXACINO 150 MG', 'CENTROVET LTDA.', 'ENROFLOXACINO 150 MG'),
(1675, 'BIOZOLE', 'FARMACOLOGIA EN AQUACULTURA ', 'BRONOPOL 50%'),
(1677, '', 'BESTPHARMA S.A.', 'ACEPROMAZINA MALEATO 1%'),
(1678, 'EHLAMISOL 46%', 'CENTROVET LTDA.', 'LEVAMIZOL 46%'),
(1680, '', 'BESTPHARMA S.A.', 'ACEPROMAZINA MALEATO 1%'),
(1685, 'AUROFAC 200', 'ALPHARMA (LUXEMBURG) SARL Y ', 'CLORTETRACICLINA 20%'),
(1688, 'EHLIBARIL 2%', 'CENTROVET LTDA.', 'CARBARILO 2%'),
(1689, 'PANVERMIC PLUS', 'DRAG PHARMA CHILE INVETEC S.', 'MEBENDAZOL, PIRANTEL PAMOATO'),
(1690, '', 'DRAG PHARMA CHILE INVETEC S.', 'VITAMINA C 30%'),
(1691, 'EQUEST PRAMOX', 'PFIZER CHILE S.A.', 'MOXIDECTINA 2%, PRAZIQUANTEL'),
(1692, 'EHLAMISOL 2%', 'CENTROVET LTDA.', 'LEVAMIZOL 2%'),
(1693, 'FLUVAC INNOVATOR', 'PFIZER CHILE S.A.', 'VACUNA INACTIVADA INFLUENZA '),
(1696, 'REGEPIPEL PLUS SHAMPOO', 'DRAG PHARMA CHILE INVETEC S.', 'CLORHEXIDINA, MICONAZOL NITR'),
(1697, 'KERTESIN', 'CENTROVET LTDA.', 'PREDNISOLONA 20 MG'),
(1700, 'KORALEN', 'CENTROVET LTDA.', 'KETOPROFENO 20 MG'),
(1701, 'EHLIFULVINA', 'CENTROVET LTDA.', 'GRISEOFULVINA 250 MG'),
(1703, 'CHEMIE-FLY POUR ON', 'CHEMIE S.A.', 'CLORPIRIFOS 15%'),
(1707, 'AVATEC 15%', 'ALPHARMA (LUXEMBURG) SARL Y ', 'LASALOCIDO SODICO 15%'),
(1710, 'ORALISOL', 'NOVOFARMA SERVICE S.A.', 'VACUNA VIVA LAWSONIA INTRACE'),
(1712, 'ENDOFACIOL', 'DRAG PHARMA CHILE INVETEC S.', 'IVERNECTINA 0,2%, TRICLABEND'),
(1713, 'SURMAX 100', 'ELI LILLY INTERAMIRICA INC. ', 'AVILAMICINA GRANULAR 340 G'),
(1714, 'OVALYSE', 'PFIZER CHILE S.A.', 'GONADORELINA'),
(1716, 'KORALEN 10%', 'CENTROVET LTDA.', 'KETOPROFENO 10%'),
(1717, 'DESTROY', 'BESTPHARMA S.A.', 'PRAZIQUANTEL 25 MG, PIRANTEL'),
(1721, '', 'BESTPHARMA S.A.', 'PREDNISOLONA 20 MG'),
(1722, '', 'BESTPHARMA S.A.', 'PREDNISOLONA 10 MG'),
(1727, 'VIRBAC GRANTELM', 'VETERQUIMICA S.A.', 'FEBANTEL, PIRANTEL PAMOATO, '),
(1728, '', 'CHEMIE S.A.', 'ETODOLACO 150 MG'),
(1729, 'MYPRAVAC SUIS', 'VETERQUIMICA S.A.', 'VACUNA INACTIVADA NEUMONIA E'),
(1731, 'COSTIN SOL', 'VETERQUIMICA S.A.', 'COLISTINA 50G'),
(1738, 'FUROFAV', 'FARMACOLOGIA EN AQUACULTURA ', 'FUROSEMIDA 5%'),
(1742, 'ALPHA JECT 1000', 'PHARMAQ AS CHILE LTDA.', 'VACUNA INACTIVADA NECROSIS P'),
(1743, 'AGROVAC SRS', 'AGROVET LTDA.', 'VACUNA INACTIVADA SINDROME R'),
(1745, 'DERMISOLONA', 'DRAG PHARMA CHILE INVETEC S.', 'PREDNISOLONA 20 MG'),
(1746, 'PLASMICEL', 'VETERQUIMICA S.A.', 'CLORURO DE BENZALCONIO, FORM'),
(1750, 'PARACOX 8', 'INTERVET CHILE LTDA.', 'VACUNA VIVA COCCIDIOSIS AVIA'),
(1751, 'CRESS 50%', 'CENTROVET LTDA.', 'BRONOPOL 50%'),
(1752, '', 'QUIMICA HOLANDA LTDA.', 'CODROITIN SULFATO 12%, GLUCO'),
(1758, '', 'BESTPHARMA S.A.', 'PRAZIQUANTEL, PIRANTEL PAMOA'),
(1760, '', 'BESTPHARMA S.A.', 'PRAZIQUANTEL, PIRANTEL PAMOA'),
(1761, 'ALPHA JECT 2-3', 'PHARMAQ AS CHILE LTDA.', 'VACUNA INACTIVADA VIBRIOSIS,'),
(1763, 'RICKETVAC OLEO', 'FARMACOLOGIA EN AQUACULTURA ', 'VACUNA INACTIVADA SINDROME R'),
(1764, '', 'ANIMAL SERVICES LATINA S.A.', 'PRAZIQUANTEL 50 MG, PIRANTEL'),
(1765, 'FASCIOLIN', 'INTERVET CHILE LTDA.', 'RAFOXANIDA 3%'),
(1766, '', 'ANIMAL SERVICES LATINA S.A.', 'ALBENDAZOL 10.2%'),
(1767, 'AIVLOSIN FG 50', 'VETERQUIMICA S.A.', 'ACETIL ISOVALERIL TARTRATO D'),
(1768, 'MARIMUNE SRS', 'PFIZER CHILE S.A.', 'VACUNA SUBUNITARIA SINDROME '),
(1769, 'DUFLOSAN 50%', 'VETERQUIMICA S.A.', 'FLORFENICOL 50%'),
(1771, '', 'CENTROVET LTDA.', 'DICLAZURILO 0.5%'),
(1772, 'FORTRESS', 'PFIZER CHILE S.A.', 'VACUNA INACTIVADA LEPTOSPIRA'),
(1774, 'MICOSPECTONE', 'DRAG PHARMA CHILE INVETEC S.', 'ESPECTINOMICINA, LINCOMICINA'),
(1777, 'TIGANIL 100', 'VETERQUIMICA S.A.', 'TIAMULINA FUMARATO HIDROGENA'),
(1778, 'BAYCOX 5%', 'BAYER S.A.', 'TOLTRAZURILO 5%'),
(1780, 'TIGANIL 450', 'VETERQUIMICA S.A.', 'TIAMULINA FUMARATO HIDROGENO'),
(1781, '', 'QUIMICA HOLANDA LTDA.', 'AMINOACIDOS, VITAMINAS, GLUC'),
(1782, 'AQUAVAC IPN', 'INTERVET CHILE LTDA.', 'VACUNA INACTIVADA NECROSIS P'),
(1783, 'AQUAVAC IPN ORAL', 'INTERVET CHILE LTDA.', 'VACUNA INACTIVADA NECROSIS P'),
(1784, 'BEL-HAIR, SHAMPOO', 'PRO-VET S.A.', 'MICONAZOL NITRATO, CLORHEXID'),
(1786, 'POWER BROUWER PLUS', 'CHEMIE S.A.', 'IMIDACLOPRIDA 0,5%, PERMETRI'),
(1787, 'POWER FORTE BROUWER', 'CHEMIE S.A.', 'IMIDACLOPRIDA 6%, PERMETRINA'),
(1788, '', 'BESTPHARMA S.A.', 'NEOMICINA, POLIMIXINA B, DEX'),
(1789, '', 'BESTPHARMA S.A.', 'AMOXICILINA LA'),
(1790, 'PARACAN', 'CHEMIE S.A.', 'ALBENDAZOL 9%'),
(1791, 'YENIVAC', 'VETERQUIMICA S.A.', 'VACUNA INACTIVADA YERSINIA R'),
(1792, 'DULAN 80%', 'CENTROVET LTDA.', 'TILOSINA 80%'),
(1794, '', 'BESTPHARMA S.A.', 'CEFALEXINA 18,5%'),
(1795, '', 'LABORATORIO VETERINARIO QUIM', 'EUGENOL 50%'),
(1797, 'FRENIL', 'PRO-VET S.A.', 'FIPRONIL 0,25%'),
(1798, 'FRENIL, SOLUCION SPOT ON', 'PRO-VET S.A.', 'FIPRONIL 9.7%'),
(1800, '', 'CENTROVET LTDA.', 'FENBENDAZOL 10%'),
(1801, 'ARTRIOFIN', 'DRAG PHARMA CHILE INVETEC S.', 'CARPROFENO 44%'),
(1802, 'NITROXIFAR', 'DRAG PHARMA CHILE INVETEC S.', 'NITROXINILO 25%'),
(1803, 'VETROMIC 80%, POLVO ORAL', 'CENTROVET LTDA.', 'ERITROMICINA 80%'),
(1804, 'VETERIN 20%', 'CENTROVET LTDA.', 'FLORFENICOL 20%'),
(1805, 'PROFENDER', 'BAYER S.A.', 'EMODEPSIDE 2,14% PRAZIQUANTE'),
(1806, 'BOOSTIN-S', 'AGRICOLA NACIONAL S.A.C. E I', 'SOMATOTROPINA BOVINA RECOMBI'),
(1807, 'FLUNIXDELTAVET', 'CHEMIE S.A.', 'FLUNIXINO MEGLUMINATO 5%'),
(1810, 'TERRIVET 20% L.A', 'VETERQUIMICA S.A.', 'OXITETRACICLINA 20% L.A'),
(1811, '', 'LABORATORIO VETERINARIO QUIM', 'FLORFENICOL 50%'),
(1812, '', 'CENTROVET LTDA.', 'FIPRONIL 0,25%'),
(1813, 'OXTRIN', 'CHEMIE S.A.', 'GLUCOSAMINA SULFATO, CONDROI'),
(1814, 'PRODRAG', 'DRAG PHARMA CHILE INVETEC S.', 'PROGESTERONA 5%'),
(1815, 'RHINOLIN', 'DRAG PHARMA CHILE INVETEC S.', 'BROMHEXINA CLORHIDRATO 0,3%'),
(1817, 'CLOSTRIBAC 8 GOLD', 'PFIZER CHILE S.A.', 'VACUNA BACTERINA TOXOIDE CLO'),
(1818, 'DIPRAMIDA', 'DRAG PHARMA CHILE INVETEC S.', 'METOCLOPRAMIDA CLORHIDRATO'),
(1822, 'U-20', 'WEILLEMAN Y CIA LTDA.', 'COMPLEJO YODOFORO 5 %'),
(1823, 'U-20 ALOE', 'WEILLEMAN Y CIA LTDA.', 'COMPLEJO YODOFORO, ALOE VERA'),
(1824, 'PENCIDRAG', 'DRAG PHARMA CHILE INVETEC S.', 'PENICILINA G PROCAINA, DIHID'),
(1827, 'DRAXXIN', 'PFIZER CHILE S.A.', 'TULATROMICINA'),
(1831, 'Z-STERIL 25%', 'CENTROVET LTDA.', 'TILMICOSINA 25%'),
(1832, 'EHLIPROFENO 20', 'CENTROVET LTDA.', 'CARPROFENO 20 MG'),
(1833, '', 'VETERQUIMICA S.A.', 'OXITETRACICLINA CLORHIDRATO '),
(1834, '', 'QUIMICA HOLANDA LTDA.', 'TILOSINA 20%'),
(1837, 'XILA - 10', 'DRAG PHARMA CHILE INVETEC S.', 'XILAZINA CLORHIDRATRO 11,7%'),
(1838, 'CLORAFUR 50%', 'CENTROVET LTDA.', 'NEOMICINA SULFATO 50%'),
(1839, 'SHOOTER', 'LABORATORIOS MICROSULES CHIL', 'FIPRONIL'),
(1842, 'MICROFOS', 'LABORATORIOS MICROSULES CHIL', 'GLICEROFOSFATO DE MAGNESIO, '),
(1843, 'AGROVAC IPN', 'AGROVET LTDA.', 'VACUNA INACTIVADA NECROSIS P'),
(1844, '', 'LABORATORIOS MICROSULES CHIL', 'ABAMECTINA 0,5%'),
(1846, 'BOVILIS VISION 8', 'INTERVET CHILE LTDA.', 'VACUNA INACTIVADA CLOSTRIDIO'),
(1849, 'VETRIMOXIN 50', 'CHEMIE S.A.', 'AMOXICILINA 50%'),
(1850, '', 'CENTROVET LTDA.', 'VACUNA INACTIVADA VIBRIO ORD'),
(1851, '', 'CHEMIE S.A.', 'KETOPROFENO 10%'),
(1852, 'LYSIGIN', 'DRAG PHARMA CHILE INVETEC S.', 'CLORHEXIDINA GLUCONATO'),
(1853, 'IPE-VAC INMERSIIN', 'VETERQUIMICA S.A.', 'VACUNA INACTIVADA NECROSIS P'),
(1854, '', 'CENTROVET LTDA.', 'VACUNA INACTIVADA NECROSIS P'),
(1855, 'SUCRAVET', 'CHEMIE S.A.', 'SUCRALFATO 10%'),
(1856, 'LACTOTROPINA', 'ELI LILLY INTERAMIRICA INC. ', 'SOMATOTROPINA BOVINA-ZINC'),
(1858, 'SPECTRAMAST LC', 'PFIZER CHILE S.A.', 'CLORHIDRATO DE CEFTIOFUR 125'),
(1859, 'IMPROVAC', 'PFIZER CHILE S.A.', 'VACUNA INACTIVADA OLOR A VER'),
(1860, '', 'AGROVET LTDA.', 'VACUNA VIVA BRUCELLA ABORTUS'),
(1861, 'ECOLAB OXY GARD', 'ECOLAB S.A.', 'PEROXIDO DE HIDROGENO, ACIDO'),
(1862, '', 'CHEMIE S.A.', 'OXITOCINA 10 UI/ML'),
(1863, 'ZANIL HCL 80%', 'CENTROVET LTDA.', 'OXITETRACICLINA CLORHIDRATO '),
(1864, 'SPECTRAMAST DC', 'PFIZER CHILE S.A.', 'CEFTIOFUR CLORHIDRATO'),
(1865, 'LIDOCALM', 'DRAG PHARMA CHILE INVETEC S.', 'LIDOCAINA CLORHIDRATO 2%'),
(1866, 'DRAGBUTEROL', 'DRAG PHARMA CHILE INVETEC S.', 'CLENBUTEROL CLORHIDRATO'),
(1867, 'BIRNAGEN FORTE 3', 'NOVARTIS CHILE S.A.', 'VACUNA INACTIVADA NECROSIS P'),
(1868, '', 'CENTROVET LTDA.', 'VACUNA INACTIVADA SINDROME R'),
(1869, '', 'BESTPHARMA S.A.', 'KETOPROFENO 20 MG'),
(1870, '', 'BESTPHARMA S.A.', 'KETOPROFENO 10 MG'),
(1871, '', 'BESTPHARMA S.A.', 'KETOPROFENO 1%'),
(1872, 'FIPROKILL', 'DRAG PHARMA CHILE INVETEC S.', 'FIPRONIL 0,25%'),
(1873, 'EQUISAN', 'PRO-VET S.A.', 'OMEPRAZOL 37%'),
(1874, 'GROMAX', 'ALPHARMA (LUXEMBURG) SARL Y ', 'MADURAMICINA DE AMONIO 0,75%'),
(1875, '', 'BESTPHARMA S.A.', 'CEFRADINA 500 MG'),
(1876, 'EXCEDE 200', 'PFIZER CHILE S.A.', 'CEFTIOFUR 200 MG'),
(1877, 'EXCEDE 100', 'PFIZER CHILE S.A.', 'CEFTIOFUR 100 MG'),
(1878, '', 'LABORATORIO VETERINARIO QUIM', 'TILOSINA 10%'),
(1879, '', 'CHEMIE S.A.', 'PRAZIQUANTEL, FENBENDAZOL, P'),
(1880, 'BOVIFORT', 'DRAG PHARMA CHILE INVETEC S.', 'IVERMECTINA, CLORSULON'),
(1881, 'DENAGARD 80', 'NOVARTIS CHILE S.A.', 'TIAMULINA FUMARATO HIDROGENO'),
(1883, '', 'BESTPHARMA S.A.', 'LEVAMISOL CLORHIDRATO 2,5%'),
(1884, 'GERIOOX', 'CHEMIE S.A.', 'GLUCOSAMINA, CONDROITIN SULF'),
(1885, 'ALPHA JECT 4-1', 'PHARMAQ AS CHILE LTDA.', 'VACUNA INACTIVADA FURUNCULOS'),
(1886, '', 'SOCIEDAD COMERCIALIZADORA Y ', 'CIPROHEPTADINA, VITAMINA B12'),
(1887, 'RIMADYL', 'PFIZER CHILE S.A.', 'CARPROFENO 50 MG/ML'),
(1888, 'LICIMOCIN 44', 'VETERQUIMICA S.A.', 'LINCOMICINA CLORHIDRATO 4.8%'),
(1890, 'ZANIL 10%', 'CENTROVET LTDA.', 'OXITETRACICLINA 10%'),
(1891, 'RESPISURE ER BAC PLUS', 'PFIZER CHILE S.A.', 'VACUNA INACTIVADA NEUMONIA E'),
(1892, 'OTOVET', 'PRO-VET S.A.', 'ENROFLOXACINO, SULFADIAZINA '),
(1893, 'OTALGIN', 'PRO-VET S.A.', 'ACIDO SALICILICO, ACIDO LACT'),
(1894, '', 'FARMACOLOGIA EN AQUACULTURA ', 'OXITETRACICLINA 20% LA'),
(1895, 'FLUMIVET', 'PRO-VET S.A.', 'FLUNIXINO MEGLUMINATO'),
(1896, '', 'LABORATORIOS MICROSULES CHIL', 'IVERMECTINA, VITAMINA A, VIT'),
(1897, 'IMMUCOX II', 'AGROVET LTDA.', 'VACUNA VIVA COCCIDIOSIS AVIA'),
(1898, 'AGROVAC 4', 'AGROVET LTDA.', 'VACUNA INACTIVADA SINDROME R'),
(1899, 'BIRNAGEN FORTE 4', 'NOVARTIS CHILE S.A.', 'VACUNA INACTIVADA NECROSIS P'),
(1900, 'CATTLEMASTER GOLD FP 5', 'PFIZER CHILE S.A.', 'VACUNA VIVA IBR, PARAINFLUEN'),
(1901, '', 'CHEMIE S.A.', 'BENZOATO DE ESTRADIOL 0,1%'),
(1902, 'DIB', 'CHEMIE S.A.', 'PROGESTERONA 1 G/ DISPOSITIV'),
(1903, 'DUOGESTAL', 'CHEMIE S.A.', 'GONADOTROFINA CORIONICA EQUI'),
(1904, 'NOVORMON 5000', 'CHEMIE S.A.', 'GONADOTROFINA CORIONICA EQUI'),
(1905, '', 'CHEMIE S.A.', 'GONADOTROFINA CORIONICA HUMA'),
(1908, 'TURBOMEC PLUS', 'JB ANIMAL PRODUCTS LTDA.', 'IVERMECTINA 1%, CLORSULON 10'),
(1909, 'SYVADOX', 'FARQUIMICA SPA', 'DOXICICLINA 10%'),
(1910, '', 'WESTFALIASURGE CHILE S.A.', 'SOLUCION POLIMERICA YODADA'),
(1912, 'NANORMEN PLUS', 'DRAG PHARMA CHILE INVETEC S.', 'PAMOATO DE PIRANTEL - PRAZIQ'),
(1913, 'GONASYL', 'FARQUIMICA SPA', 'GONADORELINA ACETATO 59,2 MC'),
(1914, 'BIRNAGEN FORTE 2', 'NOVARTIS CHILE S.A.', 'VACUNA INACTIVADA NECROSIS P'),
(1915, 'AGROVAC 3', 'AGROVET LTDA.', 'VACUNA INACTIVADA SINDROME R'),
(1916, 'NOBIVAC TRICAT TRIO', 'INTERVET CHILE LTDA.', 'VACUNA VIVA RINOTRAQUEITIS I'),
(1917, 'VEROSTOP', 'CENTROVET LTDA.', 'FLUMETRINA 3,6 MG'),
(1918, 'DERAMOL PLUS', 'CENTROVET LTDA.', 'TRICLABENDAZOL 12% - LEVAMIS'),
(1919, 'DECTOMAX', 'PFIZER CHILE S.A.', 'DORAMECTINA 1%'),
(1920, 'FIPROKILL PLUS SPOT-ON GATO', 'DRAG PHARMA CHILE INVETEC S.', 'FIPRONIL 10%, PIRIPROXIFENO '),
(1921, 'PETEVER FORTE', 'DRAG PHARMA CHILE INVETEC S.', 'CLORHEXIDINA GLUCONATO 3%'),
(1922, 'FIPROKILL PLUS SPOT-ON PERRO', 'DRAG PHARMA CHILE INVETEC S.', 'FIPRONIL 10%,PIRIPROXIFENO 5'),
(1923, 'GEHLIMICINA', 'CENTROVET LTDA.', 'CLORTETRACICLINA 6%-TIAMULIN'),
(1924, '', 'DYCONOS Y CIA LTDA.', 'FENBENDAZOL - PAMOATO DE PIR'),
(1925, '', 'DYCONOS Y CIA LTDA.', 'LINCOMICINA 300MG'),
(1926, 'APRAX', 'CHEMIE S.A.', 'FENBENDAZOL 500 MG - PAMOATO'),
(1927, 'ANGAVAC', 'QUIMICA INDUSTRIAL SPES S.A.', 'VACUNA INACTIVADA HEPATITIS '),
(1928, 'BOVATEC', 'ALPHARMA (LUXEMBURG) SARL Y ', 'LASALOCIDO SODICO 15%'),
(1929, '', 'CHEMIE S.A.', 'VACUNA VIVA ANEMIA INFECCIOS'),
(1930, 'ALPJA JECT MICRO 3', 'PHARMAQ AS CHILE LTDA.', 'VACUNA INACTIVADA VIBRIOSIS,'),
(1931, 'MEMDIGEST', 'DRAG PHARMA CHILE INVETEC S.', 'MENBUTONA 10%'),
(1932, 'PETEVER PLUS', 'DRAG PHARMA CHILE INVETEC S.', 'CLORHEXIDINA GLUCONATO 0,12%'),
(1933, 'CEVA BROILER ND K', 'CHEMIE S.A.', 'VACUNA INACTIVADA NEWCASTLE,'),
(1934, 'MASTILAC', 'PFIZER CHILE S.A.', 'AMOXICILINA 100 MG, ACIDO CL'),
(1935, '', 'AGROCOMERCIAL SAFRATEC CHILE', 'FLUBENDAZOL 6%'),
(1936, '', 'CENTROVET LTDA.', 'VACUNA INACTIVADA NECROSIS P'),
(1937, 'SCALIBOR', 'INTERVET CHILE LTDA.', 'DELTAMETRINA 4%'),
(1938, '', 'CHEMIE S.A.', 'MEDROXIPROGESTERONA ACETATO '),
(1939, 'NITROMIC IVER', 'LABORATORIOS MICROSULES CHIL', 'NITROXINIL 34% - IVERMECTINA'),
(1940, '', 'DRAG PHARMA CHILE INVETEC S.', 'POLOXALENO 83,3%'),
(1941, 'CYGRO', 'ALPHARMA (LUXEMBURG) SARL Y ', 'MADURAMICINA AMONIO 1%'),
(1942, 'CEVAC CEVA GUMBO L', 'CHEMIE S.A.', 'VACUNA VIVA GUMBORO'),
(1943, 'INGELVAC CIRCOFLEX', 'NOVOFARMA SERVICE S.A.', 'VACUNA SUBUNITARIA CIRCOVIRU'),
(1944, '', 'CHEMIE S.A.', 'AMITRAZ 12,5%'),
(1945, 'GUSAKILL', 'CHEMIE S.A.', 'ALBENDAZOL 10%'),
(1946, 'AIVLOSIN SOLUBLE', 'VETERQUIMICA S.A.', 'ACETIL ISOVALERIL TARTRATO D'),
(1947, 'ORBENIN', 'PFIZER CHILE S.A.', 'CLOXACILINA BENZATINA 765 MG'),
(1948, 'FENCLOS', 'DISTRIBUIDORA AGROLAND LTDA.', 'FENBENDAZOL - CLOSANTEL'),
(1949, '', 'LABORATORIO VETERINARIO QUIM', 'TINTURA DE YODO 2%'),
(1950, '', 'CENTROVET LTDA.', 'ISOEUGENOL 50%'),
(1951, 'VETERBLOCK PLUS', 'VETERQUIMICA S.A.', 'LASALOCIDO SODICO 0,6%'),
(1952, '', 'JB ANIMAL PRODUCTS LTDA.', 'CLORANFENICOL 0,5%'),
(1953, 'AQUAVAC VIBRIO ORAL', 'INTERVET CHILE LTDA.', 'VACUNA INACTIVADA CONTRA VIB'),
(1954, 'EQUIGASTRIN', 'DRAG PHARMA CHILE INVETEC S.', 'OMEPRAZOL 37%'),
(1955, 'PULLBIOTIC', 'DRAG PHARMA CHILE INVETEC S.', 'PENICILINA G PROCAINA, PENIC'),
(1956, '', 'CENTROVET LTDA.', 'VACUNA INACTIVADA NECROSIS P'),
(1957, 'BAYOVAC NEUMOGARD', 'BAYER S.A.', 'VACUNA INACTIVADA NEUMONIA E'),
(1958, '', 'CENTROVET LTDA.', 'TOLTRAZURILO 2,5%'),
(1959, 'CLINDABONE', 'DRAG PHARMA CHILE INVETEC S.', 'CLINDAMICINA 165 MG'),
(1960, 'PATHOZONE', 'PFIZER CHILE S.A.', 'CEFOPERAZONA 250 MG'),
(1961, 'RUMITEN', 'DRAG PHARMA CHILE INVETEC S.', 'FENBENDAZOL 2% - PRAZIQUANTE'),
(1962, 'IVERVET AD', 'CHEMIE S.A.', 'IVERMECTINA 3,15%'),
(1963, 'VECOXAN', 'DRAG PHARMA CHILE INVETEC S.', 'DICLAZURILO 0,25%'),
(1964, '', 'DRAG PHARMA CHILE INVETEC S.', 'LINCOMICINA 2,2% - ESPECTINO'),
(1965, '', 'VETERQUIMICA S.A.', 'CLORTETRACICLINA 20%'),
(1966, '', 'CHEMIE S.A.', 'TRICLABENDAZOL 10%'),
(1967, 'HEMODRAG', 'DRAG PHARMA CHILE INVETEC S.', 'ETAMSILATO 12,5%'),
(1969, 'PREVENTOR', 'CENTROVET LTDA.', 'YODO 0,5%'),
(1970, 'BUPINEX', 'CHEMIE S.A.', 'BUPIVACAINA CLORHIDRATO'),
(1971, 'EQUIVISC DELTAVET', 'CHEMIE S.A.', 'HIALURONATO DE SODIO 1%'),
(1972, 'ADVOCIN', 'PFIZER CHILE S.A.', 'DANOFLOXACINO 2,5%'),
(1973, 'BAYOVAC NEUMOGARD ONE TIME', 'BAYER S.A.', 'VACUNA INACTIVADA NEUMONIA E'),
(1974, 'AGROVAC 2', 'AGROVET LTDA.', 'VACUNA INACTIVADA NECROSIS P'),
(1975, '', 'QUIMICA HOLANDA LTDA.', 'BROMHEXINA CLORHIDRATO'),
(1976, '', 'DRAG PHARMA CHILE INVETEC S.', 'AMITRAZ 12,5%'),
(1977, '', 'ANILINAS HT S.A.', 'YODO 0,3%'),
(1978, '', 'ANILINAS HT S.A.', 'YODO 0,6%'),
(1979, '', 'ANILINAS HT S.A.', 'YODO 0,8%'),
(1980, 'SEPTOLINCO', 'CENTROVET LTDA.', 'TIAMULINA HIDROGENOFUMARATO '),
(1981, 'INVECTINA ADE', 'DRAG PHARMA CHILE INVETEC S.', 'IVERMECTINA 1% - VITAMINAS A'),
(1982, 'TERRIVET 100', 'VETERQUIMICA S.A.', 'OXITETRACICLINA 10%'),
(1983, 'BACTICILINA 100', 'VETERQUIMICA S.A.', 'TILOSINA 10%'),
(1984, '', 'QUIMICA HOLANDA LTDA.', 'IVERMECTINA 1%'),
(1985, 'CEPTIFUR', 'JB ANIMAL PRODUCTS LTDA.', 'CEFTIOFUR CLORHIDRATO 5,71%'),
(1986, '', 'DYCONOS Y CIA LTDA.', 'CACODILATO DE SODIO, HIERRO '),
(1987, '', 'WEILLEMAN Y CIA LTDA.', 'COMPLEJO VITAMINICO ADE'),
(1988, 'NUTRA PEL', 'CHEMIE S.A.', 'COMPLEJO VITAMINICO, ZINC, M'),
(1989, '', 'WESTFALIASURGE CHILE S.A.', 'DIOXIDO DE CLORO 2,9%, ACIDO'),
(1990, '', 'DYCONOS Y CIA LTDA.', 'IVERMECTINA 1%'),
(1991, '', 'DYCONOS Y CIA LTDA.', 'ENROFLOXACINO 10%'),
(1992, '', 'DYCONOS Y CIA LTDA.', 'OXITETRACICLINA CLORHIDRATO '),
(1993, 'ENDOGARD 30', 'VETERQUIMICA S.A.', 'FEBANTEL, PAMOATO DE PIRANTE'),
(1994, '', 'QUIMICA HOLANDA LTDA.', 'D-CLOPROSTENOL'),
(1995, 'NAXPET', 'DRAG PHARMA CHILE INVETEC S.', 'KETOPROFENO 0,4%'),
(1996, 'NEMEX', 'PFIZER CHILE S.A.', 'PAMOATO DE PIRANTEL 50MG/ML'),
(1997, 'PORCILIS PORCOLI DF', 'INTERVET CHILE LTDA.', 'VACUNA INACTIVADA COLIBACILO'),
(1998, '', 'CHEMIE S.A.', 'TRICLABENDAZOL 5%'),
(1999, 'APRAX', 'CHEMIE S.A.', 'FENBENDAZOL 50 MG, PRAZIQUAN'),
(2000, 'PIPETA LABYES FIPRONIL', 'CHEMIE S.A.', 'FIPRONIL 10%'),
(2001, '', 'WESTFALIASURGE CHILE S.A.', 'SOLUCION POLIMERICA YODADA 1'),
(2002, 'COMBIOTICO', 'PFIZER CHILE S.A.', 'PENICILINA G PROCAINA, DIHID'),
(2003, 'DUFLOSAN 20', 'VETERQUIMICA S.A.', 'FLORFENICOL 2%'),
(2004, '', 'LABORATORIO VETERINARIO QUIM', 'VASELINA LIQUIDA'),
(2005, 'VITAMINAS, MINERALES, GLUCOS', 'LABORATORIOS MICROSULES CHIL', 'VITAMINA B1, VITAMINA B2, NI'),
(2006, 'CIRCUMVENT PCV', 'INTERVET CHILE LTDA.', 'VACUNA SUBUNITARIA CIRCOVIRU'),
(2007, 'FIPROKILL PIPETA', 'DRAG PHARMA CHILE INVETEC S.', 'FIPRONIL 10%'),
(2008, 'NOBILIS ND C2', 'INTERVET CHILE LTDA.', 'VACUNA VIVA NEWCASTLE, CEPA '),
(2009, '', 'LABORATORIOS MICROSULES CHIL', 'FLUNIXINO MEGLUMINA'),
(2011, 'TOMACUR 10%', 'DISTRIBUIDORA AGROLAND LTDA.', 'FENBENDAZOL 10%'),
(2012, 'MIXTI-VAC', 'VETERQUIMICA S.A.', 'BACTERINA TOXOIDE CLOSTRIDIU'),
(2013, 'RESPISURE', 'PFIZER CHILE S.A.', 'VACUNA INACTIVADA NEUMONIA E'),
(2014, '', 'ANILINAS HT S.A.', 'ACIDO LACTICO 0,7% - CLORITO'),
(2015, '', 'CENTROVET LTDA.', 'VACUNA INACTIVADA NECROSIS P'),
(2016, 'ALPHA JECT MICRO 2', 'PHARMAQ AS CHILE LTDA.', 'VACUNA INACTIVADA SINDROME R'),
(2017, '', 'DYCONOS Y CIA LTDA.', 'ACIDO FOLICO, ACIDO OROTICO,'),
(2018, 'FELOCELL 3', 'PFIZER CHILE S.A.', 'VACUNA VIVA RINOTRAQUEITIS I'),
(2019, '', 'QUIMICA HOLANDA LTDA.', 'CEFALEXINA'),
(2020, 'LIQUAMICINA 100', 'PFIZER CHILE S.A.', 'OXITETRACICLINA CLORHIDRATO '),
(2021, 'LIQUAMICINA', 'PFIZER CHILE S.A.', 'OXITETRACICLINA CLORHIDRATO '),
(2022, '', 'DRAG PHARMA CHILE INVETEC S.', 'FLORFENICOL 30%'),
(2023, 'MARIMUNE 3.1', 'PFIZER CHILE S.A.', 'VACUNA SUBUNITARIA NECROSIS '),
(2024, 'MASTIJET FORT', 'INTERVET CHILE LTDA.', 'TETRACICLINA HCL, NEOMICINA,'),
(2025, 'CYDECTIN ONYX', 'PFIZER CHILE S.A.', 'MOXIDECTINA 10%'),
(2026, 'LITTERGUARD LT-C', 'PFIZER CHILE S.A.', 'VACUNA INACTIVADA E. COLI, C'),
(2027, '', 'CENTROVET LTDA.', 'VACUNA INACTIVADA SINDROME R'),
(2028, 'BOOSTIN PRE', 'AGRICOLA NACIONAL S.A.C. E I', 'SOMATOTROPINA BOVINA RECOMBI'),
(2029, 'DOXIMICIN', 'DRAG PHARMA CHILE INVETEC S.', 'DOXICICLINA HICLATO 11,08 MG'),
(2032, '', 'CENTROVET LTDA.', 'VACUNA SUBUNITARIA ANEMIA IN'),
(2033, 'COXIDRAG', 'DRAG PHARMA CHILE INVETEC S.', 'TOLTRAZURIL 50 MG/ML'),
(2034, 'URSOVET', 'DRAG PHARMA CHILE INVETEC S.', 'ACIDO URSODEOXICOLICO 5%'),
(2035, '', 'CENTROVET LTDA.', 'VACUNA INACTIVADA NECROSIS P'),
(2036, '', 'DRAG PHARMA CHILE INVETEC S.', 'METRONIDAZOL 2,5%'),
(2037, '', 'CHEMIE S.A.', 'ACIDO TILUDRONICO 500MG'),
(2038, 'ROSTRUM SUSPENSION', 'DRAG PHARMA CHILE INVETEC S.', 'ENROFLOXACINO 2,5%'),
(2039, 'GLICEFAR', 'DRAG PHARMA CHILE INVETEC S.', 'GUAIFENESINA 10%'),
(2040, 'API LIFE VAR', 'SOC. DE INVERSIONES CARMENCI', 'TIMOL, LEVOMENTOL, ACEITE DE'),
(2041, 'BOVIMAST DC', 'DRAG PHARMA CHILE INVETEC S.', 'CEFALONIO 5%'),
(2042, 'TOPFLAM', 'DRAG PHARMA CHILE INVETEC S.', 'DICLOFENACO SODICO 1%'),
(2043, '', 'FARMACOLOGIA EN AQUACULTURA ', 'VACUNA INACTIVADA NECROSIS P'),
(2044, '', 'DRAG PHARMA CHILE INVETEC S.', 'MITRATAPIDA 5MG/ML'),
(2045, 'DUFLOSAN 30%', 'VETERQUIMICA S.A.', 'FLORFENICOL 30%'),
(2046, '', 'FARMACOLOGIA EN AQUACULTURA ', 'VACUNA INACTIVADA ANEMIA INF'),
(2047, 'MONTEBAN 100', 'ELI LILLY INTERAMIRICA INC. ', 'NARASINA 10%'),
(2048, 'INGELVAC MYCOFLEX', 'NOVOFARMA SERVICE S.A.', 'VACUNA INACTIVADA MYCOPLASMA'),
(2049, '', 'DRAG PHARMA CHILE INVETEC S.', 'TUBERCULINA PPD BOVINA'),
(2050, '', 'FARQUIMICA SPA', 'TILOSINA 20%'),
(2051, 'TERRACORTRIL SPRAY', 'PFIZER CHILE S.A.', 'OXITETRACICLINA CLORHIDRATO '),
(2052, 'TROVIL 10', 'CENTROVET LTDA.', 'GENTAMICINA SULFATO 15,63%'),
(2053, 'ITRASKIN', 'DRAG PHARMA CHILE INVETEC S.', 'ITRACONAZOL 2%'),
(2054, 'TENIMOX', 'DRAG PHARMA CHILE INVETEC S.', 'DORAMECTINA 1,2%- PRAZIQUANT'),
(2055, 'OTIFLEX C', 'CHEMIE S.A.', 'CIPROFLOXACINO 0,8%, KETOCON'),
(2056, 'MADUMAX', 'CHEMIE S.A.', 'MADURAMICINA AMONIO 1%'),
(2057, 'ILAVACC', 'NOVARTIS CHILE S.A.', 'VACUNA INACTIVADA ANEMIA INF'),
(2058, 'CLINEXIN', 'CENTROVET LTDA.', 'CEFTIOFUR 5%'),
(2060, 'AGROVAC ISA', 'AGROVET LTDA.', 'VACUNA INACTIVADA ANEMIA INF'),
(2061, 'AGROVAC 3 + ISA', 'AGROVET LTDA.', 'VACUNA INACTIVADA NECROSIS P'),
(2062, '', 'SOCIEDAD COMERCIAL PACIFIC C', 'YODO 0,5%'),
(2063, '', 'CENTROVET LTDA.', 'VACUNA SUBUNITARIA ANEMIA IN'),
(2064, 'DORACTINA', 'DRAG PHARMA CHILE INVETEC S.', 'DORAMECTINA 1%'),
(2065, 'CHEMISOLE', 'CHEMIE S.A.', 'VITAMINAS AD3E'),
(2066, 'DECOMOTON', 'AGROVET LTDA.', 'CARBETOCINA 0,05%'),
(2067, 'CEVASAFUR', 'PHARMAGRO LTDA.', 'CEFTIOFUR CLORHIDRATO 5,35%'),
(2068, '', 'FARMACOLOGIA EN AQUACULTURA ', 'DIFLUBENZURON 80%'),
(2069, '', 'CENTROVET LTDA.', 'VACUNA INACTIVADA SINDROME R'),
(2070, 'PEDEROL', 'FARQUIMICA SPA', 'CLORTETRACICLINA CLORHIDRATO'),
(2071, 'SLENTROL', 'PFIZER CHILE S.A.', 'DIRLOTAPIDA 5MG/ML'),
(2072, 'ALPHA JECT MICRO 1 ISA', 'PHARMAQ AS CHILE LTDA.', 'VACUNA INCATIVADA ANEMIA INF'),
(2073, '', 'FARMACOLOGIA EN AQUACULTURA ', 'VACUNA INCATIVADA SINDROME R'),
(2074, 'ALPHA JECT 5.1', 'PHARMAQ AS CHILE LTDA.', 'VACUNA INACTIVADA NECROSIS P'),
(2075, 'FATROXIMIN', 'DRAG PHARMA CHILE INVETEC S.', 'RIFAXIMINA 2%'),
(2076, 'PANVERMIC FORTE', 'DRAG PHARMA CHILE INVETEC S.', 'PRAZIQUANTEL 175MG, MEBENDAZ'),
(2077, 'DALMARELIN', 'DRAG PHARMA CHILE INVETEC S.', 'LECIRELINA 25 MCG/ML'),
(2078, 'CERENIA', 'PFIZER CHILE S.A.', 'MAROPITANT 10 MG/ML'),
(2079, 'AMX', 'PHARMAQ AS CHILE LTDA.', 'DELTAMETRINA 10 MG/ML'),
(2080, 'CERENIA 160 MG', 'PFIZER CHILE S.A.', 'MAROPITANT 160 MG'),
(2081, 'CERENIA 60 MG', 'PFIZER CHILE S.A.', 'MAROPITANT 60 MG'),
(2082, 'CERENIA 24 MG', 'PFIZER CHILE S.A.', 'MAROPITANT 24 MG'),
(2083, 'CERENIA 16 MG', 'PFIZER CHILE S.A.', 'MAROPITANT 16 MG'),
(2084, '', 'PHARMAGRO LTDA.', 'GONADOTROPINA SERICA 400UI, '),
(2085, 'BETAMAX', 'NOVARTIS CHILE S.A.', 'CIPERMETRINA 5%'),
(2086, 'DOMOSEDAN', 'PFIZER CHILE S.A.', 'DETOMIDINA CLORHIDRATO 10MG/'),
(2087, '', 'VETERQUIMICA S.A.', 'VACUNA INACTIVADA CONTRA VIB'),
(2088, 'CONVENIA', 'PFIZER CHILE S.A.', 'CEFOVECINA SODICA 84MG/ML'),
(2089, '', 'FARMACOLOGIA EN AQUACULTURA ', 'VACUNA INACTIVADA NECROSIS P'),
(2090, 'DEXDOMITOR', 'PFIZER CHILE S.A.', 'CLORHIDRATO DE DEXMEDETOMIDI'),
(2091, 'ANTISED', 'PFIZER CHILE S.A.', 'ATIPAMEZOL CLORHIDRATO 5MG/M'),
(2092, 'ALFATRIM', 'CENTROVET LTDA.', 'SULFADIAZINA 20% TRIMETOPRIM'),
(2093, '', 'FARMACOLOGIA EN AQUACULTURA ', 'DELTAMETRINA 1%'),
(2094, '', 'CENTROVET LTDA.', 'OFLOXACINO 0,3%'),
(2095, 'DIB 0,5', 'CHEMIE S.A.', 'PROGESTERONA 0,5G'),
(2096, 'CABATINA', 'DRAG PHARMA CHILE INVETEC S.', 'VITAMINA K1'),
(2097, '', 'DRAG PHARMA CHILE INVETEC S.', 'VASELINA LIQUIDA'),
(2098, 'PARACAN PLUS', 'CHEMIE S.A.', 'ALBENDAZOL 900MG, PRAZIQUANT'),
(2099, '', 'CHEMIE S.A.', 'TIAMULINA HIDROGENO FUMARATO'),
(2100, 'PREVICOX 57MG', 'SANOFI PASTEUR S.A.', 'FIROCOXIB 57MG'),
(2101, 'PREVICOX 227MG', 'SANOFI PASTEUR S.A.', 'FIROCOXIB 227MG'),
(2102, 'EHLIGLUMINA', 'CENTROVET LTDA.', 'FLUNIXINO MEGLUMINA 8,3%'),
(2103, 'CICLASE DL', 'CHEMIE S.A.', 'CLOPROSTENOL 250UG/ML'),
(2104, 'NOROCARP 50MG', 'QUIMICA HOLANDA LTDA.', 'CARPROFENO 50MG'),
(2105, 'OFTAVET', 'DRAG PHARMA CHILE INVETEC S.', 'CIPROFLOXACINO 0,3%- EDTA 0,'),
(2106, 'NOROCARP', 'QUIMICA HOLANDA LTDA.', 'CARPROFENO 5%'),
(2107, '', 'DRAG PHARMA CHILE INVETEC S.', 'TINTURA DE YODO'),
(2108, '', 'EXIMERK LTDA.', 'ATROPINA SULFATO 0,1%'),
(2109, '', 'AGROVET LTDA.', 'PERMETRINA 24% IMIDACLOPRIDA'),
(2110, '', 'SOCIEDAD COMERCIAL PACIFIC C', 'YODO 0.5% GEL TOPICO'),
(2111, '', 'SOCIEDAD COMERCIAL PACIFIC C', 'YODO 0,7% SELLADOR BARRERA'),
(2112, 'REXOLIN', 'CENTROVET LTDA.', 'FIPRONIL 10%'),
(2113, 'BIOTIVET PLUS', 'PRO-VET S.A.', 'AMOXICILINA 200MG - ACIDO CL'),
(2114, '', 'SOCIEDAD COMERCIAL PACIFIC C', 'YODO 0,7%'),
(2115, 'VERMACAP', 'EXIMERK LTDA.', 'FENBENDAZOL 25%'),
(2116, '', 'CENTROVET LTDA.', 'FENILBUTAZONA 20%'),
(2117, '', 'VETERQUIMICA S.A.', 'VACUNA INACTIVADA CONTRA VIB'),
(2118, 'RESFLOR', 'INTERVET CHILE LTDA.', 'FLUNIXINO 1,65% - FLORFENICO'),
(2119, 'AGROVAC 4 + ISA', 'AGROVET LTDA.', 'VACUNA INACIVADA NECROSIS PA'),
(2120, '', 'CENTROVET LTDA.', 'VACUNA INACTIVADA NECROSIS P'),
(2121, 'NOBIVAC KC', 'INTERVET CHILE LTDA.', 'VACUNA VIVA BORDETELLA BRONC'),
(2122, '', 'FARMACOLOGIA EN AQUACULTURA ', 'VACUNA INACTIVADA NECROSIS P'),
(2123, 'PORCILIS PCV', 'INTERVET CHILE LTDA.', 'VACUNA INACTIVADA SUBUNITARI'),
(2124, '', 'AGROVET LTDA.', 'TUBERCULINA PPD BOVINA'),
(2125, 'MOBEXVET', 'BOEHRINGER INGELHEIM CHILE L', 'MELOXICAM 2%'),
(2126, '', 'PHARMAGRO LTDA.', 'BENCILPENICILINA PROCAINA 20'),
(2127, 'CIRCOVAC', 'SANOFI PASTEUR S.A.', 'VACUNA INACTIVADA CIRCOVIRUS'),
(2128, 'SOLUTION IVER+ABA', 'INTERVET CHILE LTDA.', 'IVERMECTINA 2,25% ABAMECTINA'),
(2129, 'NIPOXYME', 'PRINAL S.A.', 'COLISTINA 200MG/ML'),
(2130, 'AGROVAC IPN-SRS', 'AGROVET LTDA.', 'VACUNA INACTIVADA NECROSIS P'),
(2131, 'KETOXYME', 'PRINAL S.A.', 'KETOPROFENO 100MG/ML'),
(2132, '', 'EXIMERK LTDA.', 'FLUNIXINO MEGLUMINA 8,3%'),
(2133, 'NOBILIS OTR INAC', 'INTERVET CHILE LTDA.', 'VACUNA INACTIVADA CONTRA ORN'),
(2134, 'ZOLVIX', 'NOVARTIS CHILE S.A.', 'MONEPANTEL 25MG/ML'),
(2135, 'UNIVERM', 'CHEMIE S.A.', 'IVERMECTINA 2% PRAZIQUANTEL '),
(2136, 'RICKEMUNE-VAX', 'VETERQUIMICA S.A.', 'VACUNA INACTIVADA SINDROME R'),
(2137, '', 'CENTROVET LTDA.', 'CEFALEXINA 15%'),
(2138, '', 'EXIMERK LTDA.', 'METAMIZOL SODICO 50%'),
(2139, 'EHLIQUANTEL FORTE', 'CENTROVET LTDA.', 'PRAZIQUANTEL 175 MG, PIRANTE'),
(2140, 'PENIMAX', 'PRO-VET S.A.', 'BENCILPENICILINA PROCAINA 30'),
(2141, 'PORCILIS GLASSERS', 'INTERVET CHILE LTDA.', 'VACUNA INACTIVADA CONTRA ENF'),
(2142, '', 'NOVARTIS CHILE S.A.', 'VACUNA INACTIVADA NECROSIS P'),
(2143, '', 'SOCIEDAD COMERCIALIZADORA Y ', 'IVERMECTINA 1%, VITAMINA B12'),
(2144, 'MIDORIL', 'CENTROVET LTDA.', 'TOLTRAZURILO 5%'),
(2145, 'FLECTUS 100MG', 'PRO-VET S.A.', 'CARPROFENO 100MG'),
(2146, 'FLECTUS 25MG', 'PRO-VET S.A.', 'CARPROFENO 25MG'),
(2147, '', 'FARQUIMICA SPA', 'MENBUTONA 10%'),
(2148, '', 'CENTROVET LTDA.', 'PARACETAMOL 30%'),
(2149, '', 'CENTROVET LTDA.', 'VACUNA INACTIVADA SINDROME R'),
(2150, '', 'EXIMERK LTDA.', 'FIPRONIL 10%'),
(2151, 'ENROMIC', 'CENTROVET LTDA.', 'ENROFLOXACINO 20%'),
(2153, 'BIRNAGEN FORTE 3 PLUS', 'NOVARTIS CHILE S.A.', 'VCUNA INACTIVADA NECROSIS PA'),
(2154, '', 'EXIMERK LTDA.', 'FENILBUTAZONA 20%'),
(2155, 'AVIPRO SALMONELLA VAC E', 'ENCIPHARM LTDA.', 'VACUNA VIVA MODIFICADA SALMO'),
(2156, 'HIPRAVIAR SECURE', 'VETERQUIMICA S.A.', 'VACUNA INACTIVADA SALMONELLA'),
(2157, '', 'CENTROVET LTDA.', 'CARPROFENO 5%'),
(2158, 'BIRNAGEN FORTE 4 PLUS', 'NOVARTIS CHILE S.A.', 'VACUNA INACTIVADA NECROSIS P'),
(2159, 'OCUBIOTIC COLIRIO', 'CHEMIE S.A.', 'NEOMICINA SULFATO 0.5%, BACI'),
(2160, 'FLAVOMUNE', 'VETERQUIMICA S.A.', 'VACUNA INACTIVADA FLAVOBACTE'),
(2161, 'QUINOCOLI', 'JB ANIMAL PRODUCTS LTDA.', 'ENROFLOXACINO 10%'),
(2162, 'FIPRO', 'DRAG PHARMA CHILE INVETEC S.', 'FIPRONIL 10%'),
(2163, 'CHRONO-GEST CR', 'INTERVET CHILE LTDA.', 'FLUROGESTONA ACETATO 20 MG'),
(2164, '', 'VETERQUIMICA S.A.', 'HIDROCORTISONA ACEPONATO 0.5'),
(2165, 'PROVIDEAN AQUATEC 1 SRS', 'TECNOVAX CHILE S.A.', 'VACUNA INACTIVADA SINDROME R'),
(2166, 'PROVIDEAN 2 SRS IPN', 'TECNOVAX CHILE S.A.', 'VACUNA INACTIVADA NECROSIS P'),
(2167, 'PROVIDEAN AQUATEC 3 SRS IPN ', 'TECNOVAX CHILE S.A.', 'VACUNA INACTIVADA NECROSIS P'),
(2168, '', 'AGROVET LTDA.', 'TUBERCULINA PPD AVIAR'),
(2169, 'TRIAMCOL', '', 'TRAMADOL CLORHIDRATO 5%'),
(2170, 'NOBILIS TRT INAC', 'INTERVET CHILE LTDA.', 'VACUNA INACTIVADA CONTRA RIN'),
(2171, 'EQUIMIC PLUS', 'DRAG PHARMA CHILE INVETEC S.', 'IVERMECTINA 0,9%, PRAZIQUANT'),
(2172, 'SECOMAST', 'PRO-VET S.A.', 'CLOXACILINA BENZATINA 771,7,'),
(2173, '', 'JB ANIMAL PRODUCTS LTDA.', 'ENROFLOXACINO 10%'),
(2174, 'COBACTAN 4,5 %', 'INTERVET CHILE LTDA.', 'CEFQUINOMA SULFATO 53,4 MG/M'),
(2175, '', 'CENTROVET LTDA.', 'VACUNA INACTIVADA NECROSIS P'),
(2176, 'MASTIPLAN LC', 'INTERVET CHILE LTDA.', 'CEFAPIRINA SIDICA 316 MG - P'),
(2177, 'NOBILIS SALENVAC T', 'INTERVET CHILE LTDA.', 'VACUNA INACTIVADA SALMONELLA'),
(2178, 'CALMEDRAG', 'DRAG PHARMA CHILE INVETEC S.', 'CLOMIPRAMINA HCL 20MG');

-- --------------------------------------------------------

--
-- Estructura de tabla para la tabla `far_pat`
--

CREATE TABLE IF NOT EXISTS `far_pat` (
  `ID_PAT` int(11) NOT NULL COMMENT 'Identificador ?nico para la patolog?a.',
  `ID_FAR` int(11) NOT NULL COMMENT 'Identificador ?nico para el farmaco\r\n            ',
  PRIMARY KEY (`ID_PAT`,`ID_FAR`),
  KEY `FK_SE_ASOCIA` (`ID_FAR`)
) ENGINE=InnoDB DEFAULT CHARSET=latin1 COMMENT='Entidad que registra que medicamento es tratamiento para cie';

--
-- Volcado de datos para la tabla `far_pat`
--

INSERT INTO `far_pat` (`ID_PAT`, `ID_FAR`) VALUES
(4, 2),
(4, 3),
(34, 52),
(37, 52),
(38, 52),
(8, 91),
(1, 173),
(2, 173),
(34, 271),
(37, 271),
(38, 271),
(1, 311),
(2, 311),
(115, 349),
(115, 362),
(46, 396),
(1, 446),
(2, 446),
(115, 503),
(5, 504),
(116, 950),
(1, 999),
(2, 999),
(1, 1000),
(2, 1000),
(12, 1002),
(11, 1153),
(11, 1329),
(9, 1330),
(1, 1345),
(2, 1345),
(1, 1352),
(2, 1352),
(115, 1390),
(3, 1496),
(34, 1611),
(37, 1611),
(38, 1611),
(34, 1612),
(37, 1612),
(38, 1612),
(34, 1613),
(37, 1613),
(38, 1613),
(34, 1614),
(37, 1614),
(38, 1614),
(34, 1615),
(37, 1615),
(38, 1615),
(5, 1619),
(1, 1641),
(2, 1641),
(115, 1689),
(34, 1872),
(38, 1872),
(5, 1900),
(34, 1920),
(38, 1920),
(34, 1922),
(38, 1922),
(8, 1927),
(34, 2007),
(38, 2007),
(115, 2076);

-- --------------------------------------------------------

--
-- Estructura de tabla para la tabla `far_rec`
--

CREATE TABLE IF NOT EXISTS `far_rec` (
  `ID_FAR` int(11) NOT NULL COMMENT 'Identificador ?nico para el f?rmaco\r\n            .',
  `ID_RECETA` int(11) NOT NULL COMMENT 'Identificador ?nico para la receta',
  `ID_MODO` int(11) NOT NULL COMMENT 'Identificador ?nico del modo de administraci?n\r\n            ',
  `POSOLOGIA` varchar(70) DEFAULT NULL COMMENT 'Cantidad y frecuencia en la cual el medicamento debe ser administrado.',
  PRIMARY KEY (`ID_FAR`,`ID_RECETA`),
  KEY `FK_TIENE5` (`ID_MODO`),
  KEY `FK_TIENE6` (`ID_RECETA`)
) ENGINE=InnoDB DEFAULT CHARSET=latin1 COMMENT='Entidad que representa y asocia los f?rmacos de una receta\r\n                            ';

-- --------------------------------------------------------

--
-- Estructura de tabla para la tabla `ficha`
--

CREATE TABLE IF NOT EXISTS `ficha` (
  `ID_MAS` int(11) NOT NULL COMMENT 'Identificador ?nico para la mascota.',
  `ESTERILIZACION` tinyint(1) DEFAULT NULL COMMENT 'Valor booleano que indica si la mascota se encuentra esterilizada o no.',
  `FECHA_ESTERILIZACION` date DEFAULT NULL COMMENT 'Fecha en la cual la mascota fue esterilizada.',
  `FECHA_INGRESO` date DEFAULT NULL COMMENT 'Indica la fecha en la cual la mascota fue ingresada al sistema de la cl?nica.',
  `OBS_ESTERILIZACION` varchar(140) DEFAULT NULL COMMENT 'Todas aquellas observaciones adicionales que el veterinario estime conveniente precisar.',
  PRIMARY KEY (`ID_MAS`)
) ENGINE=InnoDB DEFAULT CHARSET=latin1 COMMENT='Entidad que posee los datos generales que tienen las fichas.';

-- --------------------------------------------------------

--
-- Estructura de tabla para la tabla `groups`
--

CREATE TABLE IF NOT EXISTS `groups` (
  `ID_GRUPO` int(11) NOT NULL COMMENT 'Identificador ?nico del Grupo al que pertenece un usuario',
  `NOMBREGRUPO` varchar(50) NOT NULL COMMENT 'Nombre del grupo de usuario',
  PRIMARY KEY (`ID_GRUPO`)
) ENGINE=InnoDB DEFAULT CHARSET=latin1 COMMENT='Tabla que representa el Grupo al que pertenece un usuario. T';

--
-- Volcado de datos para la tabla `groups`
--

INSERT INTO `groups` (`ID_GRUPO`, `NOMBREGRUPO`) VALUES
(1, 'Cliente'),
(2, 'Veterinario'),
(3, 'Administrador'),
(4, 'Auditor');

-- --------------------------------------------------------

--
-- Estructura de tabla para la tabla `hosp`
--

CREATE TABLE IF NOT EXISTS `hosp` (
  `ID_HOSP` int(11) NOT NULL AUTO_INCREMENT COMMENT 'Identificador  ?nico para la hospitalizaci',
  `ID_ORDEN_HOSP` int(11) DEFAULT NULL COMMENT 'Identificador ?nico para la odern de hospitalizaci',
  `ID_VET` int(11) DEFAULT NULL,
  `FECHA_INGRESO_HOSP` datetime NOT NULL COMMENT 'Este atributo indica en que fecha la mascota ingres? a la cl?nica para su hospitalizaci',
  `FECHA_ALTA` datetime DEFAULT NULL COMMENT 'Este atributo indica una la fecha en la cual se di? de alta a la mascota, es decir, puede retirarse del hospital e ir a su casa a descanzar.',
  `CANIL` varchar(25) NOT NULL COMMENT 'Indica en que canil se encuentra la mascota hospitalizada.',
  PRIMARY KEY (`ID_HOSP`),
  KEY `FK_ES_ENCARGADO` (`ID_VET`),
  KEY `FK_PUEDE_GENERAR2` (`ID_ORDEN_HOSP`)
) ENGINE=InnoDB DEFAULT CHARSET=latin1 COMMENT='Entidad que representa un registro de hospitalizaci?n realiz' AUTO_INCREMENT=1 ;

-- --------------------------------------------------------

--
-- Estructura de tabla para la tabla `ins`
--

CREATE TABLE IF NOT EXISTS `ins` (
  `ID_INS` int(11) NOT NULL AUTO_INCREMENT COMMENT 'Indentificador ?nico para el insumo, diferencia un insumo de otro.',
  `NOMBRE_INS` varchar(50) DEFAULT NULL COMMENT 'Nombre de refenrencia con el cual se identifica un insumo,',
  PRIMARY KEY (`ID_INS`)
) ENGINE=InnoDB  DEFAULT CHARSET=latin1 COMMENT='Entidad que hace referencia a los insumos que se ocupan regu' AUTO_INCREMENT=126 ;

--
-- Volcado de datos para la tabla `ins`
--

INSERT INTO `ins` (`ID_INS`, `NOMBRE_INS`) VALUES
(1, 'Aguja Espinal Nipro 21'),
(2, 'Aguja Espinal Nipro 22'),
(3, 'Aguja Espinal Nipro 23'),
(4, 'Aguja Espinal Nipro 25'),
(5, 'Aguja Espinal Nipro 27'),
(6, 'Aguja Hipod, Nipro 18'),
(7, 'Aguja Hipod, Nipro 27'),
(8, 'Agua Goulard 1000 ml'),
(9, 'Agua Oxigenada'),
(10, 'Alcohol 100 ml'),
(11, 'Alcohol Antiseptico 100 ml'),
(12, 'Alcohol Miosana 100 ml'),
(13, 'Algodon Hidrofilo 100 grs'),
(14, 'Torunda, 500 unidades'),
(15, 'Hisopo de madera(3)'),
(16, 'Baja Lengua,500 unidades'),
(17, 'Hojas de Bisturi'),
(18, 'Mangos para Bisturi'),
(19, 'Cateter Nipro 18'),
(20, 'Cateter Nipro 20'),
(21, 'Cateter Nipro 22'),
(22, 'Cateter Nipro 24'),
(23, 'Cateter Safti 18'),
(24, 'Cateter Safti 20'),
(25, 'Cateter Safti 22'),
(26, 'Cateter Safti 24'),
(27, 'Cateter Fortune medical 18'),
(28, 'Cateter Fortune medical 20'),
(29, 'Cateter Fortune medical 22'),
(30, 'Cateter Fortune medical 24'),
(31, 'Cateter Safti 18'),
(32, 'Cateter Safti 20'),
(33, 'Cateter Safti 22'),
(34, 'Cateter Safti 24'),
(35, 'Cateter Fortune medical 18'),
(36, 'Cateter Fortune medical 20'),
(37, 'Cateter Fortune medical 22'),
(38, 'Cateter Fortune medical 24'),
(39, 'Cetona'),
(40, 'Envases de heces'),
(41, 'Equipo de venoclisis'),
(42, 'Especulo Vaginal Standar'),
(43, 'Especulo Vaginal Plástico T/M'),
(44, 'Especulo Vaginal Plástico T/S'),
(45, 'Leukopor color piel(1/2)'),
(46, 'Esparadrapo'),
(47, 'Formol'),
(48, 'Gasa 91x100'),
(49, 'Gasa 1 Yarda'),
(50, 'Gasa Esteril(Paquete 5 unidades)'),
(51, 'Gasa 7.5x7.5'),
(52, 'Gasa 7.5x7.5'),
(53, 'gel Acustico '),
(54, 'Gorro Cirujano'),
(55, 'Guantes Exami. Medic Dent(L-M-S)'),
(56, 'Guantes de examinación'),
(57, 'Guantes Nitrilo antialergico'),
(58, 'Guantes Quirurgicos(XS-S-M-L)'),
(59, 'Hilo de sutura cromado 0'),
(60, 'Hilo de sutura cromado 1/0'),
(61, 'Hilo de sutura cromado 2/0'),
(62, 'Hilo de sutura cromado 3/0'),
(63, 'Hilo de sutura cromado 4/0'),
(64, 'Hilo de sutura cromado 5/0'),
(65, 'Hilo de sutura simple 1/0'),
(66, 'Hilo de sutura simple 2/0'),
(67, 'Hilo de sutura simple 3/0'),
(68, 'Hilo de sutura Vicryl 0'),
(69, 'Hilo de sutura Vicryl 1/0'),
(70, 'Hilo de sutura Vicryl 2/0'),
(71, 'Hilo de sutura Vicryl 3/0'),
(72, 'Hilo de sutura Vicryl 4/0'),
(73, 'Hilo de sutura Vicryl 5/0'),
(74, 'Hilo de sutura Nylon 2/0'),
(75, 'Hilo de sutura Nylon 3/0'),
(76, 'Hilo de sutura Nylon 4/0'),
(77, 'Hilo de sutura Nylon 5/0'),
(78, 'Hilo de sutura Nylon 6/0'),
(79, 'Hilo de sutura Seda 0'),
(80, 'Hilo de sutura Seda 1/0'),
(81, 'Hilo de sutura Seda 2/0'),
(82, 'Hilo de sutura Seda 3/0'),
(83, 'Hilo de sutura Seda 4/0'),
(84, 'Hilo de sutura Seda 5/0'),
(85, 'Hilo de sutura Nylon Ehicon 0'),
(86, 'Hilo de sutura Nylon Ehicon 1/0'),
(87, 'Hilo de sutura Nylon Ehicon 2/0'),
(88, 'Hilo de sutura Nylon Ehicon 3/0'),
(89, 'Hilo de sutura Nylon Ehicon 4/0'),
(90, 'Hilo de sutura Nylon Ehicon 5/0'),
(91, 'Jeringuilla (3cc 23x1)'),
(92, 'Jeringuilla (5cc 22x1 1/4)'),
(93, 'Jeringuilla (10cc 22x1 1/4)'),
(94, 'Yodo'),
(95, 'Llave de tres vías con extensión'),
(96, 'Mascarilla Cirugia'),
(97, 'Mertiolate'),
(98, 'Sonda succión'),
(99, 'Sonda Foley 2 vías'),
(100, 'Sondey Foley 3 vías'),
(101, 'Sonda Nasogastrica'),
(102, 'Sonda Nelaton'),
(103, 'Suero B-dex'),
(104, 'Suero Dextrosa 5% 1000 ml'),
(105, 'Lactato de Ringer 1000 ml'),
(106, 'Cloruro de Sodio al 0.9% 1000 ml'),
(107, 'Suero Oral 400 ml'),
(108, 'Suero Bureter'),
(109, 'termometro Rectal'),
(110, 'Traje para cirugia descartable'),
(111, 'Tubo de sangre tapa roja 9ml 16/100 mm 50 unidades'),
(112, 'Tubo de sangre tapa roja con gel 8ml 50 unidades'),
(113, 'Tubo de sangre tapa roja con gel 5ml 50 unidades'),
(114, 'Tubo de sangre tapa morada - EDTA 3-4,5ml 50 unida'),
(115, 'Tubo de sangre tapa celeste 3,5 mm  50 unidades'),
(116, 'Tubo de sangre tapa verde 4ml 50 unidades'),
(117, 'Tubo Endotraqueal'),
(118, 'Venda autoadherente'),
(119, 'Venda yeso'),
(120, 'Venda Elastica'),
(121, 'Venda gasa'),
(122, 'Venta Watta'),
(123, 'Shampoo Canish Espuma Seco 160 gr '),
(124, 'Shampoo Pet Studio Aloe Vera 460 cc '),
(125, 'Collar isabelino');

-- --------------------------------------------------------

--
-- Estructura de tabla para la tabla `ins_hosp`
--

CREATE TABLE IF NOT EXISTS `ins_hosp` (
  `ID_INS` int(11) NOT NULL COMMENT 'Indentificador ?nico para el insumo, diferencia un insumo de otro.',
  `GASTO_TEO_HOSP` float NOT NULL COMMENT 'Asociado a una Hospitalizaci?n existe un gasto te?rico asociado, este sirve para llevar un conteo en teor?a de cuanto se gasta en insumos por cada Hospitalizaci',
  PRIMARY KEY (`ID_INS`)
) ENGINE=InnoDB DEFAULT CHARSET=latin1 COMMENT='Entidad que posee la cantidad que se gasta te?ricamente en l';

--
-- Volcado de datos para la tabla `ins_hosp`
--

INSERT INTO `ins_hosp` (`ID_INS`, `GASTO_TEO_HOSP`) VALUES
(9, 0.01),
(10, 0.05),
(11, 0.1),
(13, 0.1),
(40, 0.1),
(48, 0.1),
(56, 0.05),
(121, 0.1),
(125, 1);

-- --------------------------------------------------------

--
-- Estructura de tabla para la tabla `ins_int`
--

CREATE TABLE IF NOT EXISTS `ins_int` (
  `ID_INS` int(11) NOT NULL COMMENT 'Indentificador ?nico para el insumo, diferencia un insumo de otro.',
  `ID_TIPO_INT` int(11) NOT NULL COMMENT 'Identificador  ?nico para el Tipo de intervenci',
  `GASTO_TEO_INT` float NOT NULL COMMENT 'Asociado a una Intervenci?nexiste un gasto te?rico asociado, este sirve para llevar un conteo en teor?a de cuanto se gasta en insumos por cada Intervenci',
  PRIMARY KEY (`ID_INS`,`ID_TIPO_INT`),
  KEY `FK_TIENE_CONSUMO_DE2` (`ID_TIPO_INT`)
) ENGINE=InnoDB DEFAULT CHARSET=latin1 COMMENT='Entidad que posee la cantidad que se gasta te?ricamente en l';

--
-- Volcado de datos para la tabla `ins_int`
--

INSERT INTO `ins_int` (`ID_INS`, `ID_TIPO_INT`, `GASTO_TEO_INT`) VALUES
(1, 11, 0.05),
(1, 17, 1),
(1, 18, 1),
(1, 58, 1),
(1, 96, 1),
(1, 109, 1),
(1, 110, 1),
(2, 11, 0.05),
(2, 17, 1),
(2, 18, 1),
(2, 58, 1),
(2, 96, 1),
(2, 109, 1),
(2, 110, 1),
(3, 11, 0.05),
(3, 17, 1),
(3, 18, 1),
(3, 58, 1),
(3, 96, 1),
(3, 109, 1),
(3, 110, 1),
(4, 11, 0.05),
(4, 17, 1),
(4, 18, 1),
(4, 58, 1),
(4, 96, 1),
(4, 109, 1),
(4, 110, 1),
(5, 11, 0.05),
(5, 17, 1),
(5, 18, 1),
(5, 58, 1),
(5, 96, 1),
(5, 109, 1),
(5, 110, 1),
(6, 11, 0.05),
(6, 17, 1),
(6, 18, 1),
(6, 58, 1),
(6, 96, 1),
(6, 109, 1),
(6, 110, 1),
(7, 11, 0.05),
(7, 17, 1),
(7, 18, 1),
(7, 58, 1),
(7, 96, 1),
(7, 109, 1),
(7, 110, 1),
(8, 11, 0.05),
(8, 17, 1),
(8, 18, 1),
(8, 58, 1),
(8, 96, 1),
(8, 109, 1),
(8, 110, 1),
(9, 11, 0.05),
(9, 17, 1),
(9, 18, 1),
(9, 58, 1),
(9, 96, 1),
(9, 109, 1),
(9, 110, 1),
(10, 11, 0.05),
(10, 17, 1),
(10, 18, 1),
(10, 58, 1),
(10, 96, 1),
(10, 109, 1),
(10, 110, 1),
(11, 11, 0.05),
(11, 17, 1),
(11, 18, 1),
(11, 58, 1),
(11, 96, 1),
(11, 109, 1),
(11, 110, 1),
(12, 11, 0.05),
(12, 17, 1),
(12, 18, 1),
(12, 58, 1),
(12, 96, 1),
(12, 109, 1),
(12, 110, 1),
(13, 11, 0.05),
(13, 17, 1),
(13, 18, 1),
(13, 58, 1),
(13, 96, 1),
(13, 109, 1),
(13, 110, 1),
(14, 11, 0.05),
(14, 17, 1),
(14, 18, 1),
(14, 58, 1),
(14, 96, 1),
(14, 109, 1),
(14, 110, 1),
(15, 11, 0.05),
(15, 17, 1),
(15, 18, 1),
(15, 58, 1),
(15, 96, 1),
(15, 109, 1),
(15, 110, 1),
(16, 11, 0.05),
(16, 17, 1),
(16, 18, 1),
(16, 58, 1),
(16, 96, 1),
(16, 109, 1),
(16, 110, 1),
(17, 11, 0.05),
(17, 17, 1),
(17, 18, 1),
(17, 58, 1),
(17, 96, 1),
(17, 109, 1),
(17, 110, 1),
(18, 11, 0.05),
(18, 17, 1),
(18, 18, 1),
(18, 58, 1),
(18, 96, 1),
(18, 109, 1),
(18, 110, 1),
(19, 11, 0.05),
(19, 17, 1),
(19, 18, 1),
(19, 58, 1),
(19, 96, 1),
(19, 109, 1),
(19, 110, 1),
(20, 11, 0.05),
(20, 17, 1),
(20, 18, 1),
(20, 58, 1),
(20, 96, 1),
(20, 109, 1),
(20, 110, 1),
(21, 11, 0.05),
(21, 17, 1),
(21, 18, 1),
(21, 58, 1),
(21, 96, 1),
(21, 109, 1),
(21, 110, 1),
(22, 11, 0.05),
(22, 17, 1),
(22, 18, 1),
(22, 58, 1),
(22, 96, 1),
(22, 109, 1),
(22, 110, 1),
(23, 11, 0.05),
(23, 17, 1),
(23, 18, 1),
(23, 58, 1),
(23, 96, 1),
(23, 109, 1),
(23, 110, 1),
(24, 11, 0.05),
(24, 17, 1),
(24, 18, 1),
(24, 58, 1),
(24, 96, 1),
(24, 109, 1),
(24, 110, 1),
(25, 11, 0.05),
(25, 17, 1),
(25, 18, 1),
(25, 58, 1),
(25, 96, 1),
(25, 109, 1),
(25, 110, 1),
(26, 11, 0.05),
(26, 17, 1),
(26, 18, 1),
(26, 58, 1),
(26, 96, 1),
(26, 109, 1),
(26, 110, 1),
(27, 11, 0.05),
(27, 17, 1),
(27, 18, 1),
(27, 58, 1),
(27, 96, 1),
(27, 109, 1),
(27, 110, 1),
(28, 11, 0.05),
(28, 17, 1),
(28, 18, 1),
(28, 58, 1),
(28, 96, 1),
(28, 109, 1),
(28, 110, 1),
(29, 11, 0.05),
(29, 17, 1),
(29, 18, 1),
(29, 58, 1),
(29, 96, 1),
(29, 109, 1),
(29, 110, 1),
(30, 11, 0.05),
(30, 17, 1),
(30, 18, 1),
(30, 58, 1),
(30, 96, 1),
(30, 109, 1),
(30, 110, 1),
(31, 11, 0.05),
(31, 17, 1),
(31, 18, 1),
(31, 58, 1),
(31, 96, 1),
(31, 109, 1),
(31, 110, 1),
(32, 11, 0.05),
(32, 17, 1),
(32, 18, 1),
(32, 58, 1),
(32, 96, 1),
(32, 109, 1),
(32, 110, 1),
(33, 11, 0.05),
(33, 17, 1),
(33, 18, 1),
(33, 58, 1),
(33, 96, 1),
(33, 109, 1),
(33, 110, 1),
(34, 11, 0.05),
(34, 17, 1),
(34, 18, 1),
(34, 58, 1),
(34, 96, 1),
(34, 109, 1),
(34, 110, 1),
(35, 11, 0.05),
(35, 17, 1),
(35, 18, 1),
(35, 58, 1),
(35, 96, 1),
(35, 109, 1),
(35, 110, 1),
(36, 11, 0.05),
(36, 17, 1),
(36, 18, 1),
(36, 58, 1),
(36, 96, 1),
(36, 109, 1),
(36, 110, 1),
(37, 11, 0.05),
(37, 17, 1),
(37, 18, 1),
(37, 58, 1),
(37, 96, 1),
(37, 109, 1),
(37, 110, 1),
(38, 11, 0.05),
(38, 17, 1),
(38, 18, 1),
(38, 58, 1),
(38, 96, 1),
(38, 109, 1),
(38, 110, 1),
(39, 11, 0.05),
(39, 17, 1),
(39, 18, 1),
(39, 58, 1),
(39, 96, 1),
(39, 109, 1),
(39, 110, 1),
(40, 11, 0.05),
(40, 17, 1),
(40, 18, 1),
(40, 58, 1),
(40, 96, 1),
(40, 109, 1),
(40, 110, 1),
(41, 11, 0.05),
(41, 17, 1),
(41, 18, 1),
(41, 58, 1),
(41, 96, 1),
(41, 109, 1),
(41, 110, 1),
(42, 11, 0.05),
(42, 17, 1),
(42, 18, 1),
(42, 58, 1),
(42, 96, 1),
(42, 109, 1),
(42, 110, 1),
(43, 11, 0.05),
(43, 17, 1),
(43, 18, 1),
(43, 58, 1),
(43, 96, 1),
(43, 109, 1),
(43, 110, 1),
(44, 11, 0.05),
(44, 17, 1),
(44, 18, 1),
(44, 58, 1),
(44, 96, 1),
(44, 109, 1),
(44, 110, 1),
(45, 11, 0.05),
(45, 17, 1),
(45, 18, 1),
(45, 58, 1),
(45, 96, 1),
(45, 109, 1),
(45, 110, 1),
(46, 11, 0.05),
(46, 17, 1),
(46, 18, 1),
(46, 58, 1),
(46, 96, 1),
(46, 109, 1),
(46, 110, 1),
(47, 11, 0.05),
(47, 17, 1),
(47, 18, 1),
(47, 58, 1),
(47, 96, 1),
(47, 109, 1),
(47, 110, 1),
(48, 11, 0.05),
(48, 17, 1),
(48, 18, 1),
(48, 58, 1),
(48, 96, 1),
(48, 109, 1),
(48, 110, 1),
(49, 11, 0.05),
(49, 17, 1),
(49, 18, 1),
(49, 58, 1),
(49, 96, 1),
(49, 109, 1),
(49, 110, 1),
(50, 11, 0.05),
(50, 17, 1),
(50, 18, 1),
(50, 58, 1),
(50, 96, 1),
(50, 109, 1),
(50, 110, 1),
(51, 11, 0.05),
(51, 17, 1),
(51, 18, 1),
(51, 58, 1),
(51, 96, 1),
(51, 109, 1),
(51, 110, 1),
(52, 11, 0.05),
(52, 17, 1),
(52, 18, 1),
(52, 58, 1),
(52, 96, 1),
(52, 109, 1),
(52, 110, 1),
(53, 11, 0.05),
(53, 17, 1),
(53, 18, 1),
(53, 58, 1),
(53, 96, 1),
(53, 109, 1),
(53, 110, 1),
(54, 11, 0.05),
(54, 17, 1),
(54, 18, 1),
(54, 58, 1),
(54, 96, 1),
(54, 109, 1),
(54, 110, 1),
(55, 11, 0.05),
(55, 17, 1),
(55, 18, 1),
(55, 58, 1),
(55, 96, 1),
(55, 109, 1),
(55, 110, 1),
(56, 11, 0.05),
(56, 17, 1),
(56, 18, 1),
(56, 58, 1),
(56, 96, 1),
(56, 109, 1),
(56, 110, 1),
(57, 11, 0.05),
(57, 17, 1),
(57, 18, 1),
(57, 58, 1),
(57, 96, 1),
(57, 109, 1),
(57, 110, 1),
(58, 11, 0.05),
(58, 17, 1),
(58, 18, 1),
(58, 58, 1),
(58, 96, 1),
(58, 109, 1),
(58, 110, 1),
(59, 11, 0.05),
(59, 17, 1),
(59, 18, 1),
(59, 58, 1),
(59, 96, 1),
(59, 109, 1),
(59, 110, 1),
(60, 11, 0.05),
(60, 17, 1),
(60, 18, 1),
(60, 58, 1),
(60, 96, 1),
(60, 109, 1),
(60, 110, 1),
(61, 11, 0.05),
(61, 17, 1),
(61, 18, 1),
(61, 58, 1),
(61, 96, 1),
(61, 109, 1),
(61, 110, 1),
(62, 11, 0.05),
(62, 17, 1),
(62, 18, 1),
(62, 58, 1),
(62, 96, 1),
(62, 109, 1),
(62, 110, 1),
(63, 11, 0.05),
(63, 17, 1),
(63, 18, 1),
(63, 58, 1),
(63, 96, 1),
(63, 109, 1),
(63, 110, 1),
(64, 11, 0.05),
(64, 17, 1),
(64, 18, 1),
(64, 58, 1),
(64, 96, 1),
(64, 109, 1),
(64, 110, 1),
(65, 11, 0.05),
(65, 17, 1),
(65, 18, 1),
(65, 58, 1),
(65, 96, 1),
(65, 109, 1),
(65, 110, 1),
(66, 11, 0.05),
(66, 17, 1),
(66, 18, 1),
(66, 58, 1),
(66, 96, 1),
(66, 109, 1),
(66, 110, 1),
(67, 11, 0.05),
(67, 17, 1),
(67, 18, 1),
(67, 58, 1),
(67, 96, 1),
(67, 109, 1),
(67, 110, 1),
(68, 11, 0.05),
(68, 17, 1),
(68, 18, 1),
(68, 58, 1),
(68, 96, 1),
(68, 109, 1),
(68, 110, 1),
(69, 11, 0.05),
(69, 17, 1),
(69, 18, 1),
(69, 58, 1),
(69, 96, 1),
(69, 109, 1),
(69, 110, 1),
(70, 11, 0.05),
(70, 17, 1),
(70, 18, 1),
(70, 58, 1),
(70, 96, 1),
(70, 109, 1),
(70, 110, 1),
(71, 11, 0.05),
(71, 17, 1),
(71, 18, 1),
(71, 58, 1),
(71, 96, 1),
(71, 109, 1),
(71, 110, 1),
(72, 11, 0.05),
(72, 17, 1),
(72, 18, 1),
(72, 58, 1),
(72, 96, 1),
(72, 109, 1),
(72, 110, 1),
(73, 11, 0.05),
(73, 17, 1),
(73, 18, 1),
(73, 58, 1),
(73, 96, 1),
(73, 109, 1),
(73, 110, 1),
(74, 11, 0.05),
(74, 17, 1),
(74, 18, 1),
(74, 58, 1),
(74, 96, 1),
(74, 109, 1),
(74, 110, 1),
(75, 11, 0.05),
(75, 17, 1),
(75, 18, 1),
(75, 58, 1),
(75, 96, 1),
(75, 109, 1),
(75, 110, 1),
(76, 11, 0.05),
(76, 17, 1),
(76, 18, 1),
(76, 58, 1),
(76, 96, 1),
(76, 109, 1),
(76, 110, 1),
(77, 11, 0.05),
(77, 17, 1),
(77, 18, 1),
(77, 58, 1),
(77, 96, 1),
(77, 109, 1),
(77, 110, 1),
(78, 11, 0.05),
(78, 17, 1),
(78, 18, 1),
(78, 58, 1),
(78, 96, 1),
(78, 109, 1),
(78, 110, 1),
(79, 11, 0.05),
(79, 17, 1),
(79, 18, 1),
(79, 58, 1),
(79, 96, 1),
(79, 109, 1),
(79, 110, 1),
(80, 11, 0.05),
(80, 17, 1),
(80, 18, 1),
(80, 58, 1),
(80, 96, 1),
(80, 109, 1),
(80, 110, 1),
(81, 11, 0.05),
(81, 17, 1),
(81, 18, 1),
(81, 58, 1),
(81, 96, 1),
(81, 109, 1),
(81, 110, 1),
(82, 11, 0.05),
(82, 17, 1),
(82, 18, 1),
(82, 58, 1),
(82, 96, 1),
(82, 109, 1),
(82, 110, 1),
(83, 11, 0.05),
(83, 17, 1),
(83, 18, 1),
(83, 58, 1),
(83, 96, 1),
(83, 109, 1),
(83, 110, 1),
(84, 11, 0.05),
(84, 17, 1),
(84, 18, 1),
(84, 58, 1),
(84, 96, 1),
(84, 109, 1),
(84, 110, 1),
(85, 11, 0.05),
(85, 17, 1),
(85, 18, 1),
(85, 58, 1),
(85, 96, 1),
(85, 109, 1),
(85, 110, 1),
(86, 11, 0.05),
(86, 17, 1),
(86, 18, 1),
(86, 58, 1),
(86, 96, 1),
(86, 109, 1),
(86, 110, 1),
(87, 11, 0.05),
(87, 17, 1),
(87, 18, 1),
(87, 58, 1),
(87, 96, 1),
(87, 109, 1),
(87, 110, 1),
(88, 11, 0.05),
(88, 17, 1),
(88, 18, 1),
(88, 58, 1),
(88, 96, 1),
(88, 109, 1),
(88, 110, 1),
(89, 11, 0.05),
(89, 17, 1),
(89, 18, 1),
(89, 58, 1),
(89, 96, 1),
(89, 109, 1),
(89, 110, 1),
(90, 11, 0.05),
(90, 17, 1),
(90, 18, 1),
(90, 58, 1),
(90, 96, 1),
(90, 109, 1),
(90, 110, 1),
(91, 11, 0.05),
(91, 17, 1),
(91, 18, 1),
(91, 58, 1),
(91, 96, 1),
(91, 109, 1),
(91, 110, 1),
(92, 11, 0.05),
(92, 17, 1),
(92, 18, 1),
(92, 58, 1),
(92, 96, 1),
(92, 109, 1),
(92, 110, 1),
(93, 11, 0.05),
(93, 17, 1),
(93, 18, 1),
(93, 58, 1),
(93, 96, 1),
(93, 109, 1),
(93, 110, 1),
(94, 11, 0.05),
(94, 17, 1),
(94, 18, 1),
(94, 58, 1),
(94, 96, 1),
(94, 109, 1),
(94, 110, 1),
(95, 11, 0.05),
(95, 17, 1),
(95, 18, 1),
(95, 58, 1),
(95, 96, 1),
(95, 109, 1),
(95, 110, 1),
(96, 11, 0.05),
(96, 17, 1),
(96, 18, 1),
(96, 58, 1),
(96, 96, 1),
(96, 109, 1),
(96, 110, 1),
(97, 11, 0.05),
(97, 17, 1),
(97, 18, 1),
(97, 58, 1),
(97, 96, 1),
(97, 109, 1),
(97, 110, 1),
(98, 11, 0.05),
(98, 17, 1),
(98, 18, 1),
(98, 58, 1),
(98, 96, 1),
(98, 109, 1),
(98, 110, 1),
(99, 11, 0.05),
(99, 17, 1),
(99, 18, 1),
(99, 58, 1),
(99, 96, 1),
(99, 109, 1),
(99, 110, 1),
(100, 11, 0.05),
(100, 17, 1),
(100, 18, 1),
(100, 58, 1),
(100, 96, 1),
(100, 109, 1),
(100, 110, 1),
(101, 11, 0.05),
(101, 17, 1),
(101, 18, 1),
(101, 58, 1),
(101, 96, 1),
(101, 109, 1),
(101, 110, 1),
(102, 11, 0.05),
(102, 17, 1),
(102, 18, 1),
(102, 58, 1),
(102, 96, 1),
(102, 109, 1),
(102, 110, 1),
(103, 11, 0.05),
(103, 17, 1),
(103, 18, 1),
(103, 58, 1),
(103, 96, 1),
(103, 109, 1),
(103, 110, 1),
(104, 11, 0.05),
(104, 17, 1),
(104, 18, 1),
(104, 58, 1),
(104, 96, 1),
(104, 109, 1),
(104, 110, 1),
(105, 11, 0.05),
(105, 17, 1),
(105, 18, 1),
(105, 58, 1),
(105, 96, 1),
(105, 109, 1),
(105, 110, 1),
(106, 11, 0.05),
(106, 17, 1),
(106, 18, 1),
(106, 58, 1),
(106, 96, 1),
(106, 109, 1),
(106, 110, 1),
(107, 11, 0.05),
(107, 17, 1),
(107, 18, 1),
(107, 58, 1),
(107, 96, 1),
(107, 109, 1),
(107, 110, 1),
(108, 11, 0.05),
(108, 17, 1),
(108, 18, 1),
(108, 58, 1),
(108, 96, 1),
(108, 109, 1),
(108, 110, 1),
(109, 11, 0.05),
(109, 17, 1),
(109, 18, 1),
(109, 58, 1),
(109, 96, 1),
(109, 109, 1),
(109, 110, 1),
(110, 11, 0.05),
(110, 17, 1),
(110, 18, 1),
(110, 58, 1),
(110, 96, 1),
(110, 109, 1),
(110, 110, 1),
(111, 11, 0.05),
(111, 17, 1),
(111, 18, 1),
(111, 58, 1),
(111, 96, 1),
(111, 109, 1),
(111, 110, 1),
(112, 11, 0.05),
(112, 17, 1),
(112, 18, 1),
(112, 58, 1),
(112, 96, 1),
(112, 109, 1),
(112, 110, 1),
(113, 11, 0.05),
(113, 17, 1),
(113, 18, 1),
(113, 58, 1),
(113, 96, 1),
(113, 109, 1),
(113, 110, 1),
(114, 11, 0.05),
(114, 17, 1),
(114, 18, 1),
(114, 58, 1),
(114, 96, 1),
(114, 109, 1),
(114, 110, 1),
(115, 11, 0.05),
(115, 17, 1),
(115, 18, 1),
(115, 58, 1),
(115, 96, 1),
(115, 109, 1),
(115, 110, 1),
(116, 11, 0.05),
(116, 17, 1),
(116, 18, 1),
(116, 58, 1),
(116, 96, 1),
(116, 109, 1),
(116, 110, 1),
(117, 11, 0.05),
(117, 17, 1),
(117, 18, 1),
(117, 58, 1),
(117, 96, 1),
(117, 109, 1),
(117, 110, 1),
(118, 11, 0.05),
(118, 17, 1),
(118, 18, 1),
(118, 58, 1),
(118, 96, 1),
(118, 109, 1),
(118, 110, 1),
(119, 11, 0.05),
(119, 17, 1),
(119, 18, 1),
(119, 58, 1),
(119, 96, 1),
(119, 109, 1),
(119, 110, 1),
(120, 11, 0.05),
(120, 17, 1),
(120, 18, 1),
(120, 58, 1),
(120, 96, 1),
(120, 109, 1),
(120, 110, 1),
(121, 11, 0.05),
(121, 17, 1),
(121, 18, 1),
(121, 58, 1),
(121, 96, 1),
(121, 109, 1),
(121, 110, 1),
(122, 11, 0.05),
(122, 17, 1),
(122, 18, 1),
(122, 58, 1),
(122, 96, 1),
(122, 109, 1),
(122, 110, 1),
(123, 11, 0.05),
(123, 17, 1),
(123, 18, 1),
(123, 58, 1),
(123, 96, 1),
(123, 109, 1),
(123, 110, 1),
(124, 11, 0.05),
(124, 17, 1),
(124, 18, 1),
(124, 58, 1),
(124, 96, 1),
(124, 109, 1),
(124, 110, 1),
(125, 11, 0.05),
(125, 17, 1),
(125, 18, 1),
(125, 58, 1),
(125, 96, 1),
(125, 109, 1),
(125, 110, 1);

-- --------------------------------------------------------

--
-- Estructura de tabla para la tabla `ins_pres`
--

CREATE TABLE IF NOT EXISTS `ins_pres` (
  `ID_PRES` int(11) NOT NULL COMMENT 'Identificador ?nico para la prestaci',
  `ID_INS` int(11) NOT NULL COMMENT 'Indentificador ?nico para el insumo, diferencia un insumo de otro.',
  `GASTO_TEO_PRES` float NOT NULL COMMENT 'Asociado a una atenci?n existe un gasto te?rico asociado, este sirve para llevar un conteo en teor?a de cuanto se gasta en insumos por cada anteci',
  PRIMARY KEY (`ID_PRES`,`ID_INS`),
  KEY `FK_SE_GASTAN` (`ID_INS`)
) ENGINE=InnoDB DEFAULT CHARSET=latin1 COMMENT='Entidad que posee la cantidad que se gasta te?ricamente en l';

--
-- Volcado de datos para la tabla `ins_pres`
--

INSERT INTO `ins_pres` (`ID_PRES`, `ID_INS`, `GASTO_TEO_PRES`) VALUES
(1, 13, 0.05),
(1, 109, 1),
(2, 6, 1),
(2, 13, 0.05),
(2, 109, 1),
(3, 6, 1),
(3, 13, 0.05),
(3, 109, 1),
(4, 6, 1),
(4, 13, 0.05),
(4, 109, 1),
(5, 13, 0.05),
(5, 109, 1),
(6, 13, 0.05),
(6, 109, 1),
(7, 13, 0.05),
(7, 109, 1),
(8, 13, 0.05),
(8, 109, 1),
(9, 13, 0.05),
(9, 109, 1),
(10, 13, 0.05),
(10, 109, 1),
(11, 13, 0.05),
(11, 109, 1),
(12, 13, 0.05),
(12, 109, 1),
(13, 13, 0.05),
(13, 109, 1),
(14, 13, 0.05),
(14, 109, 1),
(15, 6, 1),
(15, 13, 0.05),
(15, 109, 1),
(16, 6, 1),
(16, 13, 0.05),
(16, 109, 1),
(17, 6, 1),
(17, 13, 0.05),
(17, 109, 1),
(18, 6, 1),
(18, 13, 0.05),
(18, 109, 1),
(19, 6, 1),
(19, 13, 0.05),
(19, 109, 1),
(20, 6, 1),
(20, 13, 0.05),
(20, 109, 1),
(21, 6, 1),
(21, 13, 0.05),
(21, 109, 1),
(22, 6, 1),
(22, 13, 0.05),
(22, 109, 1),
(23, 6, 1),
(23, 13, 0.05),
(23, 109, 1),
(24, 13, 0.05),
(24, 109, 1),
(25, 13, 0.05),
(25, 109, 1),
(26, 13, 0.05),
(26, 109, 1),
(27, 13, 0.05),
(27, 109, 1),
(28, 13, 0.05),
(28, 109, 1),
(29, 13, 0.05),
(29, 109, 1),
(30, 13, 0.05),
(30, 109, 1),
(31, 13, 0.05),
(31, 109, 1),
(32, 13, 0.05),
(33, 109, 1),
(34, 13, 0.05),
(34, 109, 1),
(35, 13, 0.05),
(35, 109, 1),
(36, 13, 0.05),
(36, 109, 1),
(36, 124, 4),
(37, 13, 0.05),
(37, 109, 1),
(38, 13, 0.05),
(38, 109, 1),
(39, 13, 0.05),
(39, 109, 1),
(40, 13, 0.05),
(40, 109, 1),
(41, 13, 0.05),
(42, 109, 1),
(42, 123, 0.2),
(42, 124, 0.3);

-- --------------------------------------------------------

--
-- Estructura de tabla para la tabla `inter`
--

CREATE TABLE IF NOT EXISTS `inter` (
  `ID_INT` int(11) NOT NULL AUTO_INCREMENT COMMENT 'Identificador  ?nico para la Intervenci',
  `ID_ORDEN_INT` int(11) NOT NULL COMMENT 'Identificador ?nico para la orden de intervenci',
  `ID_VET` int(11) DEFAULT NULL,
  `FECHA_INGRESO_INT` datetime NOT NULL COMMENT 'Fecha en la cual la mascota ingreso al pabell?n de intervenci',
  `FECHA_TERMINO_INT` datetime DEFAULT NULL COMMENT 'Fecha en la cual la intervenci?n termin',
  `OBS_INT` varchar(200) NOT NULL COMMENT 'Todas aquellas observaciones adicionales que el veterinario estime conveniente precisar.',
  PRIMARY KEY (`ID_INT`),
  KEY `FK_PUEDE_GENERAR` (`ID_ORDEN_INT`),
  KEY `FK_REALIZA3` (`ID_VET`)
) ENGINE=InnoDB DEFAULT CHARSET=latin1 COMMENT='Entidad que representa un registro de una intervenci?n reali' AUTO_INCREMENT=1 ;

-- --------------------------------------------------------

--
-- Estructura de tabla para la tabla `log_sql`
--

CREATE TABLE IF NOT EXISTS `log_sql` (
  `ID_LOG` int(11) NOT NULL AUTO_INCREMENT COMMENT 'Identificador ?nico de LOG_SQL\r\n            ',
  `RUT_USUARIO` varchar(20) NOT NULL COMMENT 'Indica el rut del usuario que realizo alg?n cambio en la base de datos',
  `TABLA` varchar(20) DEFAULT NULL COMMENT 'Indica la tabla que fue afectada',
  `INSTRUCCION` varchar(200) DEFAULT NULL COMMENT 'Indica la instrucci?n SQL que se realizo',
  `DATOS_ANTES` varchar(500) DEFAULT NULL COMMENT 'Indica los datos antes que se tenian registrados',
  `DATOS_DESPUES` varchar(500) DEFAULT NULL COMMENT 'Indica los datos despues de realizar la acci',
  `FECHA_MOD` timestamp NOT NULL DEFAULT CURRENT_TIMESTAMP ON UPDATE CURRENT_TIMESTAMP COMMENT 'Indica la fecha de modificaci',
  PRIMARY KEY (`ID_LOG`)
) ENGINE=InnoDB DEFAULT CHARSET=latin1 COMMENT='Entidad que registra todos los cambios en la base de datos' AUTO_INCREMENT=1 ;

-- --------------------------------------------------------

--
-- Estructura de tabla para la tabla `mas`
--

CREATE TABLE IF NOT EXISTS `mas` (
  `ID_MAS` int(11) NOT NULL AUTO_INCREMENT COMMENT 'Identificador ?nico para la mascota.',
  `ID_TIPO_MAS` int(11) NOT NULL COMMENT 'Identificador ?nico para el tipo de mascota.',
  `ID` int(11) DEFAULT NULL COMMENT 'Identificador ?nico de Cliente',
  `NOMBRE_MAS` varchar(30) NOT NULL COMMENT 'Nombre  por el cual el due?o se refiere a su mascota.',
  `RAZA_MAS` varchar(30) NOT NULL COMMENT 'Raza de la mascota, pueder Mestizo,',
  `FECHA_NACIMIENTO` date NOT NULL COMMENT 'Fecha en la cual la mascota naci?, de desconocer dicha fecha, puede ser un aproximado.',
  `SEXO` char(1) NOT NULL COMMENT 'Es el g?nero de la mascota. \r\n            Puede ser ''M'' para macho y ''H'' para hembra.',
  `COLOR` varchar(30) NOT NULL COMMENT 'Color dominante en la mascota, puede ser un mezcla.',
  `CARACTERISTICA` varchar(120) DEFAULT NULL COMMENT 'Se refiere a cualquier caracter?stica extra que el veterinario quiere aportar al ingresar la mascota al sistema, por ejemplo : si le falta alguna pata, caracter, cola cortada, etc.',
  `FECHA_DEFUNCION` date DEFAULT NULL COMMENT 'Indica la fecha en la cual la mascota muri',
  PRIMARY KEY (`ID_MAS`),
  KEY `FK_ES` (`ID_TIPO_MAS`),
  KEY `FK_TIENE2` (`ID`)
) ENGINE=InnoDB DEFAULT CHARSET=latin1 COMMENT='Entidad que representa una mascota dentro del sistema, esta ' AUTO_INCREMENT=1 ;

--
-- Disparadores `mas`
--
DROP TRIGGER IF EXISTS `GENERA_FICHA`;
DELIMITER //
CREATE TRIGGER `GENERA_FICHA` AFTER INSERT ON `mas`
 FOR EACH ROW BEGIN 

INSERT INTO `aldeaanimal`.`ficha` (`ID_MAS`, `ESTERILIZACION`, `FECHA_ESTERILIZACION`, `FECHA_INGRESO`, `OBS_ESTERILIZACION`) VALUES (new.ID_MAS, NULL, NULL, CURRENT_DATE(), NULL);

END
//
DELIMITER ;

-- --------------------------------------------------------

--
-- Estructura de tabla para la tabla `modo`
--

CREATE TABLE IF NOT EXISTS `modo` (
  `ID_MODO` int(11) NOT NULL AUTO_INCREMENT COMMENT 'Identificador ?nico del modo de administraci?n\r\n            ',
  `NOMBRE_MODO` varchar(100) NOT NULL COMMENT 'Indica el nombre del modo de administraci?n , puede ser gotas,pastillas,etc.',
  PRIMARY KEY (`ID_MODO`)
) ENGINE=InnoDB  DEFAULT CHARSET=latin1 COMMENT='Entidad que representa el modo de administraci?n por el cual' AUTO_INCREMENT=38 ;

--
-- Volcado de datos para la tabla `modo`
--

INSERT INTO `modo` (`ID_MODO`, `NOMBRE_MODO`) VALUES
(1, 'Solución'),
(2, 'Jarabe'),
(3, 'Tintura'),
(4, 'infusión'),
(5, 'Aerosol'),
(6, 'Colirio'),
(7, 'Inyectable'),
(8, 'Extracto'),
(9, 'Emulsión'),
(10, 'Enema'),
(11, 'Colutorios'),
(12, 'Gargarismo'),
(13, 'Polvos'),
(14, 'Granulados'),
(15, 'Tabletas'),
(16, 'Grageas'),
(17, 'Cápsula'),
(18, 'Píldoras'),
(19, 'Glóbulo Homeopático'),
(20, 'Suspensión'),
(21, 'Emulsión'),
(22, 'Pasta'),
(23, 'Crema o pomada'),
(24, 'Ungüento'),
(25, 'Geles'),
(26, 'Lociones'),
(27, 'Supositorios'),
(28, 'Óvulos'),
(29, 'Jaleas'),
(30, 'Cremas anticonceptivos'),
(31, 'linimientos'),
(32, 'Nanosuspensión'),
(33, 'Emplasto'),
(34, 'Dispositivos transdérmicos'),
(35, 'Aspensores'),
(36, 'Inhaladores'),
(37, 'Implantes');

-- --------------------------------------------------------

--
-- Estructura de tabla para la tabla `oferta_hor`
--

CREATE TABLE IF NOT EXISTS `oferta_hor` (
  `ID_OFERTA_HOR` int(11) NOT NULL AUTO_INCREMENT COMMENT 'identificador ?nico para oferta horaria\r\n            ',
  `ID_CAL` int(11) NOT NULL COMMENT 'Identificador ?nico para el bloque del calendario.',
  `ID_VET` int(11) DEFAULT NULL,
  `ESTADO_AGENDAMIENTO` char(1) NOT NULL COMMENT 'Valor en caracteres que indica el estado del agendamiento.\r\n            Este puede ser: ''A'' por aceptado, ''R'' por rechazado, ''L'' por libre.',
  `HORA_INICIO` time NOT NULL COMMENT 'Hora del calendario gen?rico para relacionarlo con un veterinario.',
  `HORA_TERMINO` time NOT NULL,
  PRIMARY KEY (`ID_OFERTA_HOR`),
  KEY `FK_AGENDA` (`ID_VET`),
  KEY `FK_COMPRUEBA2` (`ID_CAL`)
) ENGINE=InnoDB DEFAULT CHARSET=latin1 COMMENT='Entidad que representa bloques de horario que tiene solicita' AUTO_INCREMENT=1 ;

-- --------------------------------------------------------

--
-- Estructura de tabla para la tabla `orden_ex`
--

CREATE TABLE IF NOT EXISTS `orden_ex` (
  `ID_ORDEN_EX` int(11) NOT NULL AUTO_INCREMENT COMMENT 'Identificador ?nico para la orden de examen.',
  `ID_TIPO_EX` int(11) NOT NULL COMMENT 'Identificador  ?nico para el Tipo de Examen.',
  `ID_ATENCION` int(11) NOT NULL COMMENT 'Identificador ?nico de referencia a la atenci',
  `FECHA_ORDEN_EX` date NOT NULL COMMENT 'Este atributo indica la fecha en la cual la orden de examen fue emitida.',
  `MOTIVO_EX` varchar(120) NOT NULL COMMENT 'Este atributo indica en unas cuantas palabras el motivo por el cual se solicito el examen.',
  `PLAZO_SUGERIDO` varchar(120) NOT NULL COMMENT 'Este atributo indica un plazo en el cual el examen tiene que estar listo. Claramente es sugerido, ya que no existe la forma de obligar al cliente a realizar el examen el aguno fecha estipulada.',
  `OBS_ORDEN_EX` varchar(200) DEFAULT NULL COMMENT 'Todas aquellas observaciones adicionales que el veterinario estime conveniente precisar.',
  PRIMARY KEY (`ID_ORDEN_EX`),
  KEY `FK_ES_UN` (`ID_TIPO_EX`),
  KEY `FK_PUEDE_REQUERIR3` (`ID_ATENCION`)
) ENGINE=InnoDB DEFAULT CHARSET=latin1 COMMENT='Entidad que registra los datos de una orden de examen realiz' AUTO_INCREMENT=1 ;

-- --------------------------------------------------------

--
-- Estructura de tabla para la tabla `orden_hosp`
--

CREATE TABLE IF NOT EXISTS `orden_hosp` (
  `ID_ORDEN_HOSP` int(11) NOT NULL AUTO_INCREMENT COMMENT 'Identificador ?nico para la odern de hospitalizaci',
  `ID_ATENCION` int(11) NOT NULL COMMENT 'Identificador ?nico de referencia a la atenci',
  `FECHA_ORDEN_HOSP` datetime NOT NULL COMMENT 'Fecha en la cual la orden de Hospitalizaci',
  `DURACION_ESTIMADA_HOSP` varchar(20) DEFAULT NULL COMMENT 'Una duraci?n estimada por el venterinario, durante la cual la mascota debe estar hospitalizada.',
  `MOTIVO_HOSP` varchar(120) NOT NULL COMMENT 'Motivo en pocas palabas por el cual la mascota debe ser hospitalizada.',
  `FECHA_SUGERIDA_HOSP` date NOT NULL COMMENT 'Indica una fecha estimada en la cual la mascota debe ser hospitalizada.',
  PRIMARY KEY (`ID_ORDEN_HOSP`),
  KEY `FK_PUEDE_REQUERIR` (`ID_ATENCION`)
) ENGINE=InnoDB DEFAULT CHARSET=latin1 COMMENT='Entidad que registra los datos de una orden de hospitalizaci' AUTO_INCREMENT=1 ;

-- --------------------------------------------------------

--
-- Estructura de tabla para la tabla `orden_int`
--

CREATE TABLE IF NOT EXISTS `orden_int` (
  `ID_ORDEN_INT` int(11) NOT NULL AUTO_INCREMENT COMMENT 'Identificador ?nico para la orden de intervenci',
  `ID_ATENCION` int(11) NOT NULL COMMENT 'Identificador ?nico de referencia a la atenci',
  `ID_TIPO_INT` int(11) NOT NULL COMMENT 'Identificador  ?nico para el Tipo de intervenci',
  `FECHA_SUGERIDA_INT` date NOT NULL COMMENT 'Es una fecha a priori en la cual se puede realizar la intervenci',
  `MOTIVO_INT` varchar(120) NOT NULL COMMENT 'Atributo que indica en pocas palabras, el motivo por el cual se va a realizar la intervenci?n a la mascota.',
  `FECHA_ORDEN_INT` datetime NOT NULL COMMENT 'Fecha en la cual la orden de Intervenci?nfue emitida,',
  `DURACION_ESTIMADA_INT` varchar(20) DEFAULT NULL COMMENT 'Este atributo indica una duraci?n en tiempo aproximada y estimada con anterioridad por el veterinario.',
  PRIMARY KEY (`ID_ORDEN_INT`),
  KEY `FK_PUEDE_NECESITAR` (`ID_ATENCION`),
  KEY `FK_TIENE10` (`ID_TIPO_INT`)
) ENGINE=InnoDB DEFAULT CHARSET=latin1 COMMENT='Entidad que registra los datos de una orden de intervenci' AUTO_INCREMENT=1 ;

-- --------------------------------------------------------

--
-- Estructura de tabla para la tabla `par`
--

CREATE TABLE IF NOT EXISTS `par` (
  `ID_PAR` int(11) NOT NULL AUTO_INCREMENT COMMENT 'Identificador ?nico de par?metro\r\n            ',
  `TAM_BLOQUE` int(11) NOT NULL COMMENT 'Indica el valor entero del la duraci?n de un bloque de atenci?n en minutos',
  `INICIO_VIGENCIA` date NOT NULL COMMENT 'Fecha de inicio que indica la vigencia para el par?metro',
  `FIN_VIGENCIA` date DEFAULT NULL COMMENT 'Fecha de fin que indica la vigencia para el par?metro',
  `IN_SEMANA` time DEFAULT NULL,
  `FIN_SEMANA` time DEFAULT NULL,
  `IN_SAB` time DEFAULT NULL,
  `FIN_SAB` time DEFAULT NULL,
  PRIMARY KEY (`ID_PAR`)
) ENGINE=InnoDB  DEFAULT CHARSET=latin1 COMMENT='Entidad que representa los par?metros necesarios\r\n' AUTO_INCREMENT=2 ;

--
-- Volcado de datos para la tabla `par`
--

INSERT INTO `par` (`ID_PAR`, `TAM_BLOQUE`, `INICIO_VIGENCIA`, `FIN_VIGENCIA`, `IN_SEMANA`, `FIN_SEMANA`, `IN_SAB`, `FIN_SAB`) VALUES
(1, 15, '2014-12-01', '2015-12-01', '11:00:00', '21:00:00', '11:00:00', '17:00:00');

-- --------------------------------------------------------

--
-- Estructura de tabla para la tabla `pat`
--

CREATE TABLE IF NOT EXISTS `pat` (
  `ID_PAT` int(11) NOT NULL AUTO_INCREMENT COMMENT 'Identificador ?nico para la patolog?a.',
  `NOMBRE_PAT` varchar(50) NOT NULL COMMENT 'Nombre por el cual se referencia a la patolog?a.',
  `TIPO_PAT` varchar(50) NOT NULL COMMENT 'Tipo de la patolog?a, puede ser  bacteria, virus, hongo, etc.',
  `GRAVEDAD_PAT` varchar(50) DEFAULT NULL COMMENT 'Nivel de gravedad de la patolog?a. Puede ser Grave, Muy Grave, Fuera de Gravedad, Mortal, etc.',
  PRIMARY KEY (`ID_PAT`)
) ENGINE=InnoDB  DEFAULT CHARSET=latin1 COMMENT='Entidad que representa una patolog?a, la que tiene un nombre' AUTO_INCREMENT=117 ;

--
-- Volcado de datos para la tabla `pat`
--

INSERT INTO `pat` (`ID_PAT`, `NOMBRE_PAT`, `TIPO_PAT`, `GRAVEDAD_PAT`) VALUES
(1, 'Parvo virus canino tipo 1', 'Virus', NULL),
(2, 'Parvo virus canino tipo 2', 'Virus', NULL),
(3, 'Rabia', 'Virus', NULL),
(4, 'Bronquitis', 'Virus', NULL),
(5, 'Parainfluenza', 'Virus', NULL),
(6, 'Adenovirus canino tipo 2', 'Virus', NULL),
(7, 'Herpes canino tipo 1', 'Virus', NULL),
(8, 'Hepatitis canina', 'Virus', NULL),
(9, 'Coronavirus canino', 'Virus', NULL),
(10, 'Papilomatosis', 'Virus', NULL),
(11, 'Distemper canino', 'Virus', NULL),
(12, 'Leptosposis ', 'Bacteria', NULL),
(13, 'Otitis infecciosa', 'Dermica', NULL),
(14, 'Alergias cutaneas', 'Dermica', NULL),
(15, 'Alergia', 'Dermica', NULL),
(16, 'Alopecia postparto', 'Dermica', NULL),
(17, 'Complejo penfigo', 'Dermica', NULL),
(18, 'Dermatitis alergica atopica', 'Dermica', NULL),
(19, 'Dermatitis alergica por pulgas', 'Dermica', NULL),
(20, 'Miasis', 'Dermica', NULL),
(21, 'Otitis', 'Dermica', NULL),
(22, 'Otohematoma', 'Dermica', NULL),
(23, 'Picaduras de insectos', 'Dermica', NULL),
(24, 'Quemaduras', 'Dermica', NULL),
(25, 'Reaccion alergica aguda', 'Dermica', NULL),
(26, 'Dermatomicosis', 'Dermica', NULL),
(27, 'Dermatitis alergica por pulgas', 'Dermica', NULL),
(28, 'Ancylostomiasis', 'Parasitos', NULL),
(29, 'Ascaridiasis', 'Parasitos', NULL),
(30, 'Blastomicosis', 'Parasitos', NULL),
(31, 'Candida albicans', 'Parasitos', NULL),
(32, 'Coccidiosis', 'Parasitos', NULL),
(33, 'Dirofilariasis', 'Parasitos', NULL),
(34, 'Garrapatas', 'Parasitos', NULL),
(35, 'Giardias', 'Parasitos', NULL),
(36, 'Malassezia pachydermatis', 'Parasitos', NULL),
(37, 'Pediculosis', 'Parasitos', NULL),
(38, 'Pulgas', 'Parasitos', NULL),
(39, 'Sarcocistosis', 'Parasitos', NULL),
(40, 'Sarnas', 'Parasitos', NULL),
(41, 'Transmision de tenias por pulgas', 'Parasitos', NULL),
(42, 'Trichuris', 'Parasitos', NULL),
(43, 'Dermatomicosis', 'Parasitos', NULL),
(44, 'Hidatidosis', 'Parasitos', NULL),
(45, 'Lehismaniosis', 'Parasitos', NULL),
(46, 'Tenias', 'Parasitos', NULL),
(47, 'Triquinosis', 'Parasitos', NULL),
(48, 'Ehrlichiosis Canina', 'Parasitos', NULL),
(49, 'Dirofilariasis', 'Parasitos', NULL),
(50, 'Intoxicacion por Medicamentos humanos', 'Intoxicacion', NULL),
(51, 'Intoxicacion por Insecticidas', 'Intoxicacion', NULL),
(52, 'Intoxicacion por Medicamentos veterinarios', 'Intoxicacion', NULL),
(53, 'Intoxicacion por Productos de limpieza para el hog', 'Intoxicacion', NULL),
(54, 'Intoxicacion por Herbicidas', 'Intoxicacion', NULL),
(55, 'Intoxicacion por Chocolate', 'Intoxicacion', NULL),
(56, 'Intoxicacion por Productos de mantenimiento del ho', 'Intoxicacion', NULL),
(57, 'Intoxicacion por Abonos y fertilizantes', 'Intoxicacion', NULL),
(58, 'Intoxicacion por raticidas', 'Intoxicacion', NULL),
(59, 'Displasia coxofemoral', 'Osteomusculares', NULL),
(60, 'Displasia del codo', 'Osteomusculares', NULL),
(61, 'Sindrome de Wobble', 'Osteomusculares', NULL),
(62, 'Traumatismo por atropello', 'Osteomusculares', NULL),
(63, 'Triquinosis', 'Osteomusculares', NULL),
(64, 'Ascaridiasis', 'Trastornos gastrointestinales y glandulas anexas', NULL),
(65, 'Coccidiosis', 'Trastornos gastrointestinales y glandulas anexas', NULL),
(66, 'Giardias', 'Trastornos gastrointestinales y glandulas anexas', NULL),
(67, 'Trichuris', 'Trastornos gastrointestinales y glandulas anexas', NULL),
(68, 'Cirrosis', 'Trastornos gastrointestinales y glandulas anexas', NULL),
(69, 'Gastroenteritis', 'Trastornos gastrointestinales y glandulas anexas', NULL),
(70, 'Halitosis', 'Trastornos gastrointestinales y glandulas anexas', NULL),
(71, 'Pancreatitis', 'Trastornos gastrointestinales y glandulas anexas', NULL),
(72, 'Lupus eritematoso', 'Trastornos gastrointestinales y glandulas anexas', NULL),
(73, 'Obstrucciones intestinales ', 'Trastornos gastrointestinales y glandulas anexas', NULL),
(74, 'Enteropatias inflamatorias', 'Trastorno inmunologico', NULL),
(75, 'Eclampsia', 'Transtorno metabolicos', NULL),
(76, 'Epifora', 'Ocular', NULL),
(77, 'Glaucoma', 'Ocular', NULL),
(78, 'Cataratas', 'Ocular', NULL),
(79, 'Laringotraqueitis', 'Trastorno Respiratorio', NULL),
(80, 'Falsa gestacion', 'Trastorno urogenitales', NULL),
(81, 'Piometra o metritis', 'Trastorno urogenitales', NULL),
(82, 'Sindrome uremico', 'Trastorno urogenitales', NULL),
(83, 'Vaginitis de la cachorra', 'Trastorno urogenitales', NULL),
(84, 'Hiperplasia prostatica', 'Trastorno urogenitales', NULL),
(85, 'Prostatitis', 'Trastorno urogenitales', NULL),
(86, 'Anemia', 'Trastornos hematologicos', NULL),
(87, 'Anemia hemolitica autoinmune', 'Trastornos hematologicos', NULL),
(88, 'Epilepsia', 'Trastorno nervioso', NULL),
(89, 'Hidrocefalia', 'Trastorno nervioso', NULL),
(90, 'Cancer de traque', 'Cancer', NULL),
(91, 'Cancer de pulmon', 'Cancer', NULL),
(92, 'Cancer de  estomago', 'Cancer', NULL),
(93, 'Cancer colo-rectar', 'Cancer', NULL),
(94, 'Cancer de timo', 'Cancer', NULL),
(95, 'Cancer de labio y cavidad bucal', 'Cancer', NULL),
(96, 'Cancer hepatico', 'Cancer', NULL),
(97, 'linfoma', 'Cancer', NULL),
(98, 'Neoplasia testicular', 'Tumor', NULL),
(99, 'Melanomas', 'Tumor', NULL),
(100, 'Papiloma Cutaneo', 'Tumor', NULL),
(101, 'Carcinoma de celulas basales', 'Tumor', NULL),
(102, 'Carcinoma de celulas escamosas', 'Tumor', NULL),
(103, 'Insulinoma', 'Tumor', NULL),
(104, 'Queratosis actinica', 'Tumor', NULL),
(105, 'Fibrosarcoma', 'Tumor', NULL),
(106, 'Lipoma', 'Tumor', NULL),
(107, 'Liposarcoma', 'Tumor', NULL),
(108, 'Mastocitoma', 'Tumor', NULL),
(109, 'Histiocitoma', 'Tumor', NULL),
(110, 'Linfosarcoma cutaneo', 'Tumor', NULL),
(111, 'Quistes foliculares ', 'Tumor', NULL),
(112, 'Tumores mamarios', 'Tumor', NULL),
(113, 'Tumor de traquea', 'Tumor', NULL),
(114, 'Tumor mamario', 'Tumor', NULL),
(115, 'Parasitos intestinales', 'Parasitos', NULL),
(116, 'hipoavitaminosis', 'Deficiencia de Vitaminas', NULL);

-- --------------------------------------------------------

--
-- Estructura de tabla para la tabla `pat_atencion`
--

CREATE TABLE IF NOT EXISTS `pat_atencion` (
  `ID_ATENCION` int(11) NOT NULL COMMENT 'Identificador ?nico de referencia a la atenci',
  `ID_PAT` int(11) NOT NULL COMMENT 'Identificador ?nico para la patolog?a.',
  PRIMARY KEY (`ID_ATENCION`,`ID_PAT`),
  KEY `FK_PUEDE_TENER` (`ID_PAT`)
) ENGINE=InnoDB DEFAULT CHARSET=latin1 COMMENT='Entidad que tiene los registros de todas las patolog?as iden';

-- --------------------------------------------------------

--
-- Estructura de tabla para la tabla `pat_mas`
--

CREATE TABLE IF NOT EXISTS `pat_mas` (
  `ID_TIPO_MAS` int(11) NOT NULL COMMENT 'Identificador ?nico para el tipo de mascota.',
  `ID_PAT` int(11) NOT NULL COMMENT 'Identificador ?nico para la patolog?a.',
  PRIMARY KEY (`ID_TIPO_MAS`,`ID_PAT`),
  KEY `FK_ESTA_RELACIONADO` (`ID_PAT`)
) ENGINE=InnoDB DEFAULT CHARSET=latin1 COMMENT='Entidad que vincula los diferentes tipos de mascota con dife';

--
-- Volcado de datos para la tabla `pat_mas`
--

INSERT INTO `pat_mas` (`ID_TIPO_MAS`, `ID_PAT`) VALUES
(1, 1),
(1, 2),
(1, 3),
(1, 4),
(1, 5),
(1, 6),
(1, 7),
(1, 8),
(1, 9),
(1, 10),
(1, 11),
(1, 12),
(1, 13),
(1, 14),
(1, 15),
(1, 16),
(1, 17),
(1, 18),
(1, 19),
(1, 20),
(1, 21),
(1, 22),
(1, 23),
(1, 24),
(1, 25),
(1, 26),
(1, 27),
(1, 28),
(1, 29),
(1, 30),
(1, 31),
(1, 32),
(1, 33),
(1, 34),
(1, 35),
(1, 36),
(1, 37),
(1, 38),
(1, 39),
(1, 40),
(1, 41),
(1, 42),
(1, 43),
(1, 44),
(1, 45),
(1, 46),
(1, 47),
(1, 48),
(1, 49),
(1, 50),
(1, 51),
(1, 52),
(1, 53),
(1, 54),
(1, 55),
(1, 56),
(1, 57),
(1, 58),
(1, 59),
(1, 60),
(1, 61),
(1, 62),
(1, 63),
(1, 64),
(1, 65),
(1, 66),
(1, 67),
(1, 68),
(1, 69),
(1, 70),
(1, 71),
(1, 72),
(1, 73),
(1, 74),
(1, 75),
(1, 76),
(1, 77),
(1, 78),
(1, 79),
(1, 80),
(1, 81),
(1, 82),
(1, 83),
(1, 84),
(1, 85),
(1, 86),
(1, 87),
(1, 88),
(1, 89),
(1, 90),
(1, 91),
(1, 92),
(1, 93),
(1, 94),
(1, 95),
(1, 96),
(1, 97),
(1, 98),
(1, 99),
(1, 100),
(1, 101),
(1, 102),
(1, 103),
(1, 104),
(1, 105),
(1, 106),
(1, 107),
(1, 108),
(1, 109),
(1, 110),
(1, 111),
(1, 112),
(1, 113),
(1, 114);

-- --------------------------------------------------------

--
-- Estructura de tabla para la tabla `pres`
--

CREATE TABLE IF NOT EXISTS `pres` (
  `ID_PRES` int(11) NOT NULL AUTO_INCREMENT COMMENT 'Identificador ?nico para el tipo de atenci',
  `ID_TIPO_PRES` int(11) NOT NULL COMMENT 'Identificador del tipo de prestaci',
  `NOMBRE_PRES` varchar(50) NOT NULL COMMENT 'Nombre de referencia por el cual se puede identificar al tipo de atenci?n/prestaci',
  `NUMERO_BLOQUES` int(11) NOT NULL COMMENT 'N?mero de bloques que dura la atenci?n. Los bloques son definidos por la cl?nica en la tabla par',
  `PRECIO` int(11) DEFAULT NULL COMMENT 'Indica el precio de la prestaci',
  PRIMARY KEY (`ID_PRES`),
  KEY `FK_PUEDE_SER16` (`ID_TIPO_PRES`)
) ENGINE=InnoDB  DEFAULT CHARSET=latin1 COMMENT='Entidad que posee informaci?n general de las diferentes pres' AUTO_INCREMENT=43 ;

--
-- Volcado de datos para la tabla `pres`
--

INSERT INTO `pres` (`ID_PRES`, `ID_TIPO_PRES`, `NOMBRE_PRES`, `NUMERO_BLOQUES`, `PRECIO`) VALUES
(1, 1, 'Consulta general', 1, 7000),
(2, 3, 'Vacuna antirrábica', 1, 12000),
(3, 3, 'Vacuna óctuple canina', 1, 8000),
(4, 3, 'Vacuna triple felina', 1, 8000),
(5, 3, 'Otra vacuna', 1, 0),
(6, 4, 'Desparasitación interna', 1, 4000),
(7, 4, 'Desparasitación externa', 1, 10000),
(8, 4, 'Desparasitación total', 1, 12000),
(9, 2, 'Esterilización canina', 4, 30000),
(10, 2, 'Esterilización felina', 4, 20000),
(11, 1, 'Corte de cola', 3, 10000),
(12, 1, 'Corte de orejas', 3, 10000),
(13, 1, 'Cirugía ambulatoria', 3, 0),
(14, 1, 'Consulta imagenologia', 2, 12000),
(15, 1, 'Consulta animales exóticos', 2, 12000),
(16, 1, 'Consulta dermatología', 2, 12000),
(17, 1, 'Consulta neurología', 2, 15000),
(18, 1, 'Consulta cardiología', 2, 15000),
(19, 1, 'Consulta odontología', 2, 12000),
(20, 1, 'Consulta oftalmología', 2, 12000),
(21, 1, 'Consulta traumatología', 2, 12000),
(22, 1, 'Consulta cirugía especializada', 2, 10000),
(23, 1, 'Consulta homeopatía', 2, 10000),
(24, 1, 'Otra consulta de especialidad', 2, 12000),
(25, 1, 'Radiografía', 2, 6000),
(26, 1, 'Ecografía', 2, 20000),
(27, 1, 'Electrocardiograma', 2, 10000),
(28, 1, 'Atención de urgencia', 3, 0),
(29, 1, 'Hospitalización', 1, 0),
(30, 1, 'Destartraje', 4, 12000),
(31, 1, 'Examen de laboratorio', 1, 0),
(32, 1, 'Cirugía especializada', 8, 0),
(33, 1, 'Administración de fármaco', 1, 0),
(34, 1, 'Flores Bach', 2, 10000),
(35, 1, 'Acupuntura', 4, 15000),
(36, 0, 'Baño sanitario', 3, 8000),
(37, 0, 'Baño estético', 3, 8000),
(38, 0, 'Corte de pelo', 3, 12000),
(39, 0, 'Corte de uñas', 1, 3000),
(40, 0, 'Limpieza de oídos', 1, 4000),
(41, 0, 'Drenaje glándulas anales', 1, 3000),
(42, 0, 'Atención peluquería completa', 9, 20000);

-- --------------------------------------------------------

--
-- Estructura de tabla para la tabla `proc`
--

CREATE TABLE IF NOT EXISTS `proc` (
  `ID_PROC` int(11) NOT NULL AUTO_INCREMENT COMMENT 'identificador ?nico para un procedimiento realizado en la atenci',
  `ID_ATENCION` int(11) NOT NULL COMMENT 'Identificador ?nico de referencia a la atenci',
  `OBS_PROC` varchar(200) DEFAULT NULL COMMENT 'Todas aquellas observaciones adicionales que el veterinario estime conveniente precisar.',
  `FECHA_SGTE_PROC` date DEFAULT NULL COMMENT 'Indica la fecha del siguiente procedimiento',
  PRIMARY KEY (`ID_PROC`),
  KEY `FK_PUEDE_GENERAR_UN` (`ID_ATENCION`)
) ENGINE=InnoDB DEFAULT CHARSET=latin1 COMMENT='Entidad que representa el procedimiento realizado en una ate' AUTO_INCREMENT=1 ;

-- --------------------------------------------------------

--
-- Estructura de tabla para la tabla `rec_med`
--

CREATE TABLE IF NOT EXISTS `rec_med` (
  `ID_RECETA` int(11) NOT NULL AUTO_INCREMENT COMMENT 'Identificador ?nico para la receta\r\n            ',
  `ID_ATENCION` int(11) NOT NULL COMMENT 'Identificador ?nico de referencia a la atenci',
  `TIPO` char(1) NOT NULL COMMENT 'Indica el tipo de la receta ,  R si es una receta con f?rmacos que se deben tomar, M si la receta correponde a una medicaci?n indicando si el f?rmaco fue medicado en la atenci',
  `OBS_RECETA` varchar(200) DEFAULT NULL COMMENT 'Observaciones que se quieran agregar a la receta',
  PRIMARY KEY (`ID_RECETA`),
  KEY `FK_TIENE18` (`ID_ATENCION`)
) ENGINE=InnoDB DEFAULT CHARSET=latin1 COMMENT='Entidad que representa una receta m?dica\r\n' AUTO_INCREMENT=1 ;

-- --------------------------------------------------------

--
-- Estructura de tabla para la tabla `tipo_de_int`
--

CREATE TABLE IF NOT EXISTS `tipo_de_int` (
  `ID_TIPO_INT` int(11) NOT NULL AUTO_INCREMENT COMMENT 'Identificador  ?nico para el Tipo de intervenci',
  `NOMBRE_TIPO_INT` varchar(50) NOT NULL COMMENT 'Referencia caracter?stica al tipo de intervenci',
  PRIMARY KEY (`ID_TIPO_INT`)
) ENGINE=InnoDB  DEFAULT CHARSET=latin1 COMMENT='Entidad que posee informaci?n de los diferentes tipos de int' AUTO_INCREMENT=130 ;

--
-- Volcado de datos para la tabla `tipo_de_int`
--

INSERT INTO `tipo_de_int` (`ID_TIPO_INT`, `NOMBRE_TIPO_INT`) VALUES
(1, 'Castración felina'),
(2, 'Castración canina'),
(3, 'Cistotomía felina'),
(4, 'Cistotomía canina'),
(5, 'Fimosis'),
(6, 'Parafimosis'),
(7, 'Hernia escrotal'),
(8, 'Nefrectomía canina'),
(9, 'Nefrectomía felina'),
(10, 'Extracción cálculo vesical en felino'),
(11, 'Extracción cálculo vesical en canino'),
(12, 'Sondaje felino'),
(13, 'Sondaje canino'),
(14, 'Vasectomía canino'),
(15, 'Uretrostomía en felinos'),
(16, 'Extracción sacos anales'),
(17, 'Eutanasia perro chico y gato'),
(18, 'Eutanasia perro mediano y grande'),
(19, 'Luxación de codo'),
(20, 'Luxación patelar'),
(21, 'Ligamento cruzado rodilla'),
(22, 'Luxación de hombro'),
(23, 'uxación de cadera'),
(24, 'Inmovilización con férula'),
(25, 'Vendajes compresivos'),
(26, 'Amputación miembro toráxico'),
(27, 'Amputación miembro pélvico'),
(28, 'Osteosíntesis quirúrgica con clavo centromedular'),
(29, 'Osteosíntesis quirúrgica con clavo fijación extern'),
(30, 'Osteosíntesis quirúrgica con placa'),
(31, 'Ostectomía de cabeza femoral'),
(32, 'Osteosíntesis mandibular y/o maxilar con clavos y/'),
(33, 'Osteosíntesis mandibular y/o maxilar con placas y '),
(34, 'Coxosacral (sacroliaca)'),
(35, 'Extracción de clavos'),
(36, 'Extracción tumores subcutáneo único'),
(37, 'Extracción tumores subcutáneo múltiples'),
(38, 'Tumores generales'),
(39, 'TVT sesión quimioterapia'),
(40, 'Quimioterapia sesión'),
(41, 'Hemilaminectomía'),
(42, 'Lamitectomía Lumbo-Sacra'),
(43, 'Parto normal'),
(44, 'Parto inducido'),
(45, 'Cesarea perra chica y gatas'),
(46, 'Cesarea perra mediana'),
(47, 'Cesarea perra grande'),
(48, 'Cesarea perra gigante'),
(49, 'Mastectomía unilateral única'),
(50, 'Mastectomía unilateral múltiple'),
(51, 'Mastectomía bilateral múltiple'),
(52, 'Ooferectomía perra chica y gatas'),
(53, 'Ooferectomía perra mediana'),
(54, 'Ooferectomía perra grande'),
(55, 'Ooferectomía perra gigante'),
(56, 'OVH perra chicha y gatas'),
(57, 'OVH perra mediana'),
(58, 'OVH perra grande'),
(59, 'OVH perra gigante'),
(60, 'Prolapso uterino, hiperplasia vaginal'),
(61, 'Ránula'),
(62, 'Extracción quiste salival'),
(63, 'Faringostomía + sonda alimentación'),
(64, 'Esofagostomía cervical'),
(65, 'Esofagostomía toráxica'),
(66, 'Enema caninos'),
(67, 'Enema felinos'),
(68, 'Lavado gástrico'),
(69, 'Gastrotomía'),
(70, 'Gastropexia'),
(71, 'Píloroplastía'),
(72, 'Enteroanastomosis'),
(73, 'Enterotomía por cuerpo extraño'),
(74, 'Laparotomía exploratoria'),
(75, 'Extracción líquidos ascítico'),
(76, 'Hernia umbilical'),
(77, 'Hernia inguinal'),
(78, 'Hernia perianal (sin malla)'),
(79, 'Hernia traumática abdominal (sin malla)'),
(80, 'Malla hernia'),
(81, 'Cirugía prolapso rectal'),
(82, 'Esplenectomía'),
(83, 'Extracción líquido pleural'),
(84, 'Cirugía hernia diafragmática'),
(85, 'Traqueotomía'),
(86, 'Tubo de drenaje toráxico'),
(87, 'Toracotomía exploratoria'),
(88, 'Lobectomía'),
(89, 'Corte cola menos 15 días (edad)'),
(90, 'Corte cola mayor 15 días - 30 días(edad)'),
(91, 'Corte de cola de un pupy menor 15 días(edad)'),
(92, 'Corte cola 30 días a 1 año(edad)'),
(93, 'Corte de oreja'),
(94, 'Extracción de dedos supernumerarios'),
(95, 'Extracción de dedos supernumerarios + de un pupy'),
(96, 'Extracción verruga única'),
(97, 'Extracción verruga múltiple'),
(98, 'Entropión unilateral'),
(99, 'Entropión bilateral'),
(100, 'Ectropión unilateral'),
(101, 'Ectropión bilateral'),
(102, 'Resección glándula tercer párpado'),
(103, 'Drenaje lagrimal'),
(104, 'Enucleación gato'),
(105, 'Enucleación perro'),
(106, 'Flap conjuntival / nictitante'),
(107, 'Sutura de párpado de Sharpei y Billdog'),
(108, 'Distriquiasis termocauterio + anestesia general'),
(109, 'Limpieza pabellón auricular'),
(110, 'Limpieza conducto auditivo'),
(111, 'Limpieza conducto auditivo con anestesia'),
(112, 'Extracción de espiga'),
(113, 'Extracción de espiga con anestesia'),
(114, 'Otohematoma'),
(115, 'Otoplastía unilateral perro chico'),
(116, 'Otoplastía unilateral perro mediano'),
(117, 'Otoplastía unilateral perro grande'),
(118, 'Otoplastía unilateral perro gigante'),
(119, 'Otoplastía bilateral perro chico'),
(120, 'Otoplastía bilateral perro mediano'),
(121, 'Otoplastía bilateral perro grande'),
(122, 'Otoplastía bilateral perro gigante'),
(123, 'Otoplastía con osteotomía bulla'),
(124, 'Curación simple'),
(125, 'Curación absceso pequeño'),
(126, 'Curación absceso grande'),
(127, 'Curación absceso con anestesia'),
(128, 'Curación + anestesia + sutura'),
(129, 'Herida profunda + anestesia + sutura');

-- --------------------------------------------------------

--
-- Estructura de tabla para la tabla `tipo_ex`
--

CREATE TABLE IF NOT EXISTS `tipo_ex` (
  `ID_TIPO_EX` int(11) NOT NULL AUTO_INCREMENT COMMENT 'Identificador  ?nico para el Tipo de Examen.',
  `NOMBRE_TIPO_EX` varchar(50) NOT NULL COMMENT 'Referencia caracter?stica al tipo de Examen.',
  PRIMARY KEY (`ID_TIPO_EX`)
) ENGINE=InnoDB  DEFAULT CHARSET=latin1 COMMENT='Entidad que posee informaci?n de los diferentes tipos de exa' AUTO_INCREMENT=74 ;

--
-- Volcado de datos para la tabla `tipo_ex`
--

INSERT INTO `tipo_ex` (`ID_TIPO_EX`, `NOMBRE_TIPO_EX`) VALUES
(1, 'Hemograma Completo'),
(2, 'Recuento de plaquetas'),
(3, 'Recuento de Reticulocitos'),
(4, 'Hematocrito y Hemoglobina'),
(5, 'Hemoparasitos'),
(6, 'Diagnostico lupus eritematoso sistémico'),
(7, 'Aspirado de medula ósea'),
(8, 'Tiempo de protrombina'),
(9, 'Tiempo de tromboplastina parcial activado'),
(10, 'Prueba cruzada de compatibilidad'),
(11, 'Glicemia'),
(12, 'Colesterol total'),
(13, 'Triglicéridos'),
(14, 'Urea sanguínea'),
(15, 'Análisis liquido cefalorraquídeo'),
(16, 'Análisis liquido ascítico pleural'),
(17, 'Análisis liquido sinovial'),
(18, 'Perfil general geriátrico'),
(19, 'Perfil pre quirúrgico'),
(20, 'Perfil general felino'),
(21, 'Perfil general cachorro'),
(22, 'Perfil enteritis sanguinolenta cachorro'),
(23, 'Perfil hepático canino'),
(24, 'Perfil hepático felino'),
(25, 'Perfil renal'),
(26, 'Perfil control insuficiencia renal'),
(27, 'Perfil pancreático'),
(28, 'Perfil metabólico'),
(29, 'Perfil convulsivo'),
(30, 'Perfil dermatológico'),
(31, 'Perfil evaluación glándula tiroidea'),
(32, 'Tetrayodo tiroxina t4 total canino'),
(33, 'T4 libre'),
(34, 'Estradiol'),
(35, 'Cortisol'),
(36, 'Testosterona'),
(37, 'Progesterona'),
(38, 'Insulina'),
(39, 'Tsh canino'),
(40, 'Coprológico'),
(41, 'Coproscopico'),
(42, 'Tripsina inmunoreactiva'),
(43, 'Fructosamina'),
(44, 'Parcial de orina'),
(45, 'Análisis calculo renal'),
(46, 'Coloración de gram'),
(47, 'Raspado de piel'),
(48, 'Análisis secreción otica'),
(49, 'Hemocultivo'),
(50, 'Antibiograma de secreciones'),
(51, 'Cultivo de hongos'),
(52, 'Cuerpos de inclusión - distemper'),
(53, 'Citología liquido pleural o ascítico'),
(54, 'Citología para tvt'),
(55, 'Espermograma básico'),
(56, 'Citología punción por aguja fina'),
(57, 'Biopsia'),
(58, 'Necropsia'),
(59, 'Fenobarbital'),
(60, 'Autovacuna'),
(61, 'Amonio'),
(62, 'Hemoglobina glicosilada fracción a1c'),
(63, 'Intoxicación por cobre'),
(64, 'Intoxicación por plomo'),
(65, 'Intoxicación por talio'),
(66, 'Intoxicación por metaldehído'),
(67, 'Inmunocromatografía brucella canis'),
(68, 'Parvovirus canino heces'),
(69, 'Leptospira'),
(70, 'Anticuerpos totales toxoplasma gondii'),
(71, 'Leucemia viral felina'),
(72, 'Inmunodeficiencia felina'),
(73, 'Peritonitis infecciosa felina');

-- --------------------------------------------------------

--
-- Estructura de tabla para la tabla `tipo_mas`
--

CREATE TABLE IF NOT EXISTS `tipo_mas` (
  `ID_TIPO_MAS` int(11) NOT NULL AUTO_INCREMENT COMMENT 'Identificador ?nico para el tipo de mascota.',
  `ESPECIE` varchar(40) NOT NULL COMMENT 'Es la especie del tipo  de mascota que se quiere definir, Por ejemplo: Perro.',
  `CLASE` varchar(40) NOT NULL COMMENT 'Se refiere a la clase de la especie de tipo de mascota. Por ejemplo si se defini? que la especie del tipo de mascota es ''Perro'' , la clase ser?a ''Canino''.',
  PRIMARY KEY (`ID_TIPO_MAS`)
) ENGINE=InnoDB  DEFAULT CHARSET=latin1 COMMENT='Entidad que posee la informaci?n de los tipos de mascota reg' AUTO_INCREMENT=3 ;

--
-- Volcado de datos para la tabla `tipo_mas`
--

INSERT INTO `tipo_mas` (`ID_TIPO_MAS`, `ESPECIE`, `CLASE`) VALUES
(1, 'Canino', 'Perro'),
(2, 'Felino', 'Gato');

-- --------------------------------------------------------

--
-- Estructura de tabla para la tabla `tipo_pres`
--

CREATE TABLE IF NOT EXISTS `tipo_pres` (
  `ID_TIPO_PRES` int(11) NOT NULL AUTO_INCREMENT COMMENT 'identificador ?nico para el tipo de prestaci',
  `NOMBRE_TIPO_PRES` varchar(50) DEFAULT NULL COMMENT 'Indica el nombre del tipo prestaci?n, Medica o Cosmetica',
  PRIMARY KEY (`ID_TIPO_PRES`)
) ENGINE=InnoDB  DEFAULT CHARSET=latin1 COMMENT='Entidad que indica el tipo de prestaci' AUTO_INCREMENT=5 ;

--
-- Volcado de datos para la tabla `tipo_pres`
--

INSERT INTO `tipo_pres` (`ID_TIPO_PRES`, `NOMBRE_TIPO_PRES`) VALUES
(0, 'Cosmética'),
(1, 'Médica'),
(2, 'Esterilización'),
(3, 'Vacuna'),
(4, 'Desparacitación');

-- --------------------------------------------------------

--
-- Estructura de tabla para la tabla `vet`
--

CREATE TABLE IF NOT EXISTS `vet` (
  `ID_VET` int(11) NOT NULL AUTO_INCREMENT COMMENT 'identificador ?nico de Veterinario',
  `ID_GROUP` int(11) NOT NULL,
  `RUT_VET` varchar(20) NOT NULL COMMENT 'Rol ?nico tributario. Identifica el veterinario y este es ?nico.',
  `NOMBRE_VET` varchar(30) NOT NULL COMMENT 'Nombre por el cual se identifica el veterinario.',
  `APELLIDO_PVET` varchar(20) NOT NULL COMMENT 'Apellido del padre del veterinario.',
  `APELLIDO_MVET` varchar(20) NOT NULL COMMENT 'Apellido de la madre del veterinario.',
  `TEL_VET` varchar(25) DEFAULT NULL COMMENT 'Tel?fono por el cual se puede contactar al veterinario.',
  `DIR_VET` varchar(60) DEFAULT NULL COMMENT 'Direncci?n en la cual se encuentra la vivienda del veterinario.',
  `MAIL_VET` varchar(40) DEFAULT NULL COMMENT 'Direncci?n de e-mail por a cual se puede contactar al veterinario.',
  `FECHA_REGISTRO_VET` date DEFAULT NULL COMMENT 'Fecha en a cu?l el veterinario fue registrado en el sistema.',
  `HABILITADO` tinyint(1) NOT NULL COMMENT 'Valor booleano que indica si el veterinario se encuentra habilitado para realizar sus funciones en la cl?nica.',
  `PASSWORD_VET` varchar(50) NOT NULL,
  PRIMARY KEY (`ID_VET`),
  KEY `FK_PERTENECE` (`ID_GROUP`)
) ENGINE=InnoDB DEFAULT CHARSET=latin1 COMMENT='Entidad que representa a un veterinario dentro del sistema, ' AUTO_INCREMENT=1 ;

--
-- Restricciones para tablas volcadas
--

--
-- Filtros para la tabla `agenda`
--
ALTER TABLE `agenda`
  ADD CONSTRAINT `FK_SOLICITA` FOREIGN KEY (`ID_MAS`) REFERENCES `mas` (`ID_MAS`),
  ADD CONSTRAINT `FK_ES_DEL_TIPO` FOREIGN KEY (`ID_PRES`) REFERENCES `pres` (`ID_PRES`),
  ADD CONSTRAINT `FK_SELECCIONA` FOREIGN KEY (`ID_VET`) REFERENCES `vet` (`ID_VET`);

--
-- Filtros para la tabla `atencion`
--
ALTER TABLE `atencion`
  ADD CONSTRAINT `FK_REGISTRA2` FOREIGN KEY (`ID_MAS`) REFERENCES `ficha` (`ID_MAS`),
  ADD CONSTRAINT `FK_ES_UN2` FOREIGN KEY (`ID_PRES`) REFERENCES `pres` (`ID_PRES`),
  ADD CONSTRAINT `FK_REALIZA2` FOREIGN KEY (`ID_TIPO_PRES`) REFERENCES `tipo_pres` (`ID_TIPO_PRES`);

--
-- Filtros para la tabla `bloq_agen`
--
ALTER TABLE `bloq_agen`
  ADD CONSTRAINT `FK_CONTIENE2` FOREIGN KEY (`ID_AGENDA`) REFERENCES `agenda` (`ID_AGENDA`) ON DELETE CASCADE ON UPDATE CASCADE,
  ADD CONSTRAINT `FK_CONTIENE` FOREIGN KEY (`ID_OFERTA_HOR`) REFERENCES `oferta_hor` (`ID_OFERTA_HOR`) ON UPDATE CASCADE;

--
-- Filtros para la tabla `cli`
--
ALTER TABLE `cli`
  ADD CONSTRAINT `FK_PERTENECE2` FOREIGN KEY (`ID_GROUP`) REFERENCES `groups` (`ID_GRUPO`);

--
-- Filtros para la tabla `far_pat`
--
ALTER TABLE `far_pat`
  ADD CONSTRAINT `FK_SE_ASOCIA` FOREIGN KEY (`ID_FAR`) REFERENCES `far` (`ID_FAR`),
  ADD CONSTRAINT `FK_ES_DETECTADA` FOREIGN KEY (`ID_PAT`) REFERENCES `pat` (`ID_PAT`);

--
-- Filtros para la tabla `far_rec`
--
ALTER TABLE `far_rec`
  ADD CONSTRAINT `FK_TIENE6` FOREIGN KEY (`ID_RECETA`) REFERENCES `rec_med` (`ID_RECETA`),
  ADD CONSTRAINT `FK_TIENE3` FOREIGN KEY (`ID_FAR`) REFERENCES `far` (`ID_FAR`),
  ADD CONSTRAINT `FK_TIENE5` FOREIGN KEY (`ID_MODO`) REFERENCES `modo` (`ID_MODO`);

--
-- Filtros para la tabla `ficha`
--
ALTER TABLE `ficha`
  ADD CONSTRAINT `FK_TIENE` FOREIGN KEY (`ID_MAS`) REFERENCES `mas` (`ID_MAS`) ON UPDATE CASCADE;

--
-- Filtros para la tabla `hosp`
--
ALTER TABLE `hosp`
  ADD CONSTRAINT `FK_PUEDE_GENERAR2` FOREIGN KEY (`ID_ORDEN_HOSP`) REFERENCES `orden_hosp` (`ID_ORDEN_HOSP`),
  ADD CONSTRAINT `FK_ES_ENCARGADO` FOREIGN KEY (`ID_VET`) REFERENCES `vet` (`ID_VET`);

--
-- Filtros para la tabla `ins_hosp`
--
ALTER TABLE `ins_hosp`
  ADD CONSTRAINT `FK_SE_GASTAN2` FOREIGN KEY (`ID_INS`) REFERENCES `ins` (`ID_INS`) ON DELETE CASCADE ON UPDATE CASCADE;

--
-- Filtros para la tabla `ins_int`
--
ALTER TABLE `ins_int`
  ADD CONSTRAINT `FK_TIENE_CONSUMO_DE2` FOREIGN KEY (`ID_TIPO_INT`) REFERENCES `tipo_de_int` (`ID_TIPO_INT`),
  ADD CONSTRAINT `FK_SE_GASTAN3` FOREIGN KEY (`ID_INS`) REFERENCES `ins` (`ID_INS`) ON DELETE CASCADE ON UPDATE CASCADE;

--
-- Filtros para la tabla `ins_pres`
--
ALTER TABLE `ins_pres`
  ADD CONSTRAINT `FK_TIENE_CONSUMO_DE` FOREIGN KEY (`ID_PRES`) REFERENCES `pres` (`ID_PRES`),
  ADD CONSTRAINT `FK_SE_GASTAN` FOREIGN KEY (`ID_INS`) REFERENCES `ins` (`ID_INS`) ON DELETE CASCADE ON UPDATE CASCADE;

--
-- Filtros para la tabla `inter`
--
ALTER TABLE `inter`
  ADD CONSTRAINT `FK_REALIZA3` FOREIGN KEY (`ID_VET`) REFERENCES `vet` (`ID_VET`),
  ADD CONSTRAINT `FK_PUEDE_GENERAR` FOREIGN KEY (`ID_ORDEN_INT`) REFERENCES `orden_int` (`ID_ORDEN_INT`);

--
-- Filtros para la tabla `mas`
--
ALTER TABLE `mas`
  ADD CONSTRAINT `FK_TIENE2` FOREIGN KEY (`ID`) REFERENCES `cli` (`ID`),
  ADD CONSTRAINT `FK_ES` FOREIGN KEY (`ID_TIPO_MAS`) REFERENCES `tipo_mas` (`ID_TIPO_MAS`);

--
-- Filtros para la tabla `oferta_hor`
--
ALTER TABLE `oferta_hor`
  ADD CONSTRAINT `FK_COMPRUEBA2` FOREIGN KEY (`ID_CAL`) REFERENCES `cal` (`ID_CAL`),
  ADD CONSTRAINT `FK_AGENDA` FOREIGN KEY (`ID_VET`) REFERENCES `vet` (`ID_VET`);

--
-- Filtros para la tabla `orden_ex`
--
ALTER TABLE `orden_ex`
  ADD CONSTRAINT `FK_PUEDE_REQUERIR3` FOREIGN KEY (`ID_ATENCION`) REFERENCES `atencion` (`ID_ATENCION`),
  ADD CONSTRAINT `FK_ES_UN` FOREIGN KEY (`ID_TIPO_EX`) REFERENCES `tipo_ex` (`ID_TIPO_EX`);

--
-- Filtros para la tabla `orden_hosp`
--
ALTER TABLE `orden_hosp`
  ADD CONSTRAINT `FK_PUEDE_REQUERIR` FOREIGN KEY (`ID_ATENCION`) REFERENCES `atencion` (`ID_ATENCION`);

--
-- Filtros para la tabla `orden_int`
--
ALTER TABLE `orden_int`
  ADD CONSTRAINT `FK_TIENE10` FOREIGN KEY (`ID_TIPO_INT`) REFERENCES `tipo_de_int` (`ID_TIPO_INT`),
  ADD CONSTRAINT `FK_PUEDE_NECESITAR` FOREIGN KEY (`ID_ATENCION`) REFERENCES `atencion` (`ID_ATENCION`);

--
-- Filtros para la tabla `pat_atencion`
--
ALTER TABLE `pat_atencion`
  ADD CONSTRAINT `FK_PUEDE_TENER2` FOREIGN KEY (`ID_ATENCION`) REFERENCES `atencion` (`ID_ATENCION`),
  ADD CONSTRAINT `FK_PUEDE_TENER` FOREIGN KEY (`ID_PAT`) REFERENCES `pat` (`ID_PAT`);

--
-- Filtros para la tabla `pat_mas`
--
ALTER TABLE `pat_mas`
  ADD CONSTRAINT `FK_TIENE4` FOREIGN KEY (`ID_TIPO_MAS`) REFERENCES `tipo_mas` (`ID_TIPO_MAS`),
  ADD CONSTRAINT `FK_ESTA_RELACIONADO` FOREIGN KEY (`ID_PAT`) REFERENCES `pat` (`ID_PAT`);

--
-- Filtros para la tabla `pres`
--
ALTER TABLE `pres`
  ADD CONSTRAINT `FK_PUEDE_SER16` FOREIGN KEY (`ID_TIPO_PRES`) REFERENCES `tipo_pres` (`ID_TIPO_PRES`);

--
-- Filtros para la tabla `proc`
--
ALTER TABLE `proc`
  ADD CONSTRAINT `FK_PUEDE_GENERAR_UN` FOREIGN KEY (`ID_ATENCION`) REFERENCES `atencion` (`ID_ATENCION`);

--
-- Filtros para la tabla `rec_med`
--
ALTER TABLE `rec_med`
  ADD CONSTRAINT `FK_TIENE18` FOREIGN KEY (`ID_ATENCION`) REFERENCES `atencion` (`ID_ATENCION`);

--
-- Filtros para la tabla `vet`
--
ALTER TABLE `vet`
  ADD CONSTRAINT `FK_PERTENECE` FOREIGN KEY (`ID_GROUP`) REFERENCES `groups` (`ID_GRUPO`);

/*!40101 SET CHARACTER_SET_CLIENT=@OLD_CHARACTER_SET_CLIENT */;
/*!40101 SET CHARACTER_SET_RESULTS=@OLD_CHARACTER_SET_RESULTS */;
/*!40101 SET COLLATION_CONNECTION=@OLD_COLLATION_CONNECTION */;
